Id,ActivityDate,TotalSteps,TotalDistance,TrackerDistance,LoggedActivitiesDistance,VeryActiveDistance,ModeratelyActiveDistance,LightActiveDistance,SedentaryActiveDistance,VeryActiveMinutes,FairlyActiveMinutes,LightlyActiveMinutes,SedentaryMinutes
1503960366,3/25/2016,11004,7.110000134,7.110000134,0,2.569999933,0.460000008,4.070000172,0,33,12,205,804
1503960366,3/26/2016,17609,11.55000019,11.55000019,0,6.920000076,0.730000019,3.910000086,0,89,17,274,588
1503960366,3/27/2016,12736,8.529999733,8.529999733,0,4.659999847,0.159999996,3.710000038,0,56,5,268,605
1503960366,3/28/2016,13231,8.930000305,8.930000305,0,3.190000057,0.790000021,4.949999809,0,39,20,224,1080
1503960366,3/29/2016,12041,7.849999905,7.849999905,0,2.160000086,1.090000033,4.610000134,0,28,28,243,763
1503960366,3/30/2016,10970,7.159999847,7.159999847,0,2.359999895,0.50999999,4.289999962,0,30,13,223,1174
1503960366,3/31/2016,12256,7.860000134,7.860000134,0,2.289999962,0.49000001,5.039999962,0,33,12,239,820
1503960366,4/1/2016,12262,7.869999886,7.869999886,0,3.319999933,0.829999983,3.640000105,0,47,21,200,866
1503960366,4/2/2016,11248,7.25,7.25,0,3,0.449999988,3.74000001,0,40,11,244,636
1503960366,4/3/2016,10016,6.369999886,6.369999886,0,0.910000026,1.279999971,4.179999828,0,15,30,314,655
1503960366,4/4/2016,14557,9.800000191,9.800000191,0,3.390000105,0.699999988,5.690000057,0,43,18,285,757
1503960366,4/5/2016,14844,9.729999542,9.729999542,0,2.940000057,0.75999999,6.039999962,0,36,18,341,736
1503960366,4/6/2016,11974,7.670000076,7.670000076,0,2.039999962,0.479999989,5.150000095,0,27,12,228,1173
1503960366,4/7/2016,10198,6.440000057,6.440000057,0,1.200000048,0.790000021,4.449999809,0,17,20,195,1208
1503960366,4/8/2016,12521,7.940000057,7.940000057,0,3.309999943,0.899999976,3.74000001,0,46,22,212,1160
1503960366,4/9/2016,12432,8.100000381,8.100000381,0,2.589999914,0.589999974,4.920000076,0,32,15,248,738
1503960366,4/10/2016,10057,6.980000019,6.980000019,0,4,0.49000001,2.480000019,0,44,13,168,737
1503960366,4/11/2016,10990,7.260000229,7.260000229,0,2.039999962,0.569999993,4.650000095,0,26,14,216,855
1503960366,4/12/2016,224,0.140000001,0.140000001,0,0,0,0.129999995,0,0,0,9,32
1624580081,3/25/2016,1810,1.179999948,1.179999948,0,0,0,1.129999995,0.01,0,0,121,1319
1624580081,3/26/2016,815,0.529999971,0.529999971,0,0,0,0.529999971,0,0,0,47,1393
1624580081,3/27/2016,1985,1.289999962,1.289999962,0,0,0,1.279999971,0.01,0,0,112,1328
1624580081,3/28/2016,1905,1.24000001,1.24000001,0,0,0,1.24000001,0,0,0,95,1345
1624580081,3/29/2016,1552,1.00999999,1.00999999,0,0,0,1,0,0,0,66,1374
1624580081,3/30/2016,1675,1.090000033,1.090000033,0,0,0,1.090000033,0,0,0,84,1356
1624580081,3/31/2016,4506,2.930000067,2.930000067,0,0.50999999,0.270000011,2.150000095,0.01,7,4,144,1285
1624580081,4/1/2016,9218,5.989999771,5.989999771,0,0,0,5.96999979,0.01,0,0,221,1219
1624580081,4/2/2016,1556,1.00999999,1.00999999,0,0,0,1.00999999,0.01,0,0,88,1352
1624580081,4/3/2016,2910,1.889999986,1.889999986,0,0,0,1.879999995,0.01,0,0,157,1283
1624580081,4/4/2016,18464,12,12,0,0,0,12,0,0,0,270,1170
1624580081,4/5/2016,1335,0.870000005,0.870000005,0,0,0,0.870000005,0,0,0,74,1366
1624580081,4/6/2016,1004,0.649999976,0.649999976,0,0,0,0.649999976,0,0,0,55,1385
1624580081,4/7/2016,1111,0.720000029,0.720000029,0,0,0,0.720000029,0,0,0,54,1386
1624580081,4/8/2016,6344,4.119999886,4.119999886,0,0,0,4.099999905,0,0,0,143,1297
1624580081,4/9/2016,3572,2.319999933,2.319999933,0,0,0,2.289999962,0.029999999,0,0,122,1318
1624580081,4/10/2016,3910,2.539999962,2.539999962,0,0.469999999,0.25,1.809999943,0.01,7,7,186,1240
1624580081,4/11/2016,10000,6.5,6.5,0,0,0,6.5,0,0,0,172,1268
1624580081,4/12/2016,6627,4.309999943,4.309999943,0,0,0,4.309999943,0,0,0,89,604
1644430081,4/1/2016,4636,3.410000086,3.410000086,0,0,0.779999971,2.599999905,0.029999999,0,16,586,838
1644430081,4/2/2016,20237,14.71000004,14.71000004,0,2.569999933,6.400000095,5.730000019,0.01,34,141,347,918
1644430081,4/3/2016,12912,9.409999847,9.409999847,0,4.829999924,0.769999981,3.789999962,0.029999999,59,16,283,1082
1644430081,4/4/2016,2819,2.049999952,2.049999952,0,0.310000002,0.170000002,1.559999943,0.01,4,4,87,1345
1644430081,4/5/2016,9921,7.210000038,7.210000038,0,0.340000004,1.519999981,5.360000134,0,5,35,219,1181
1644430081,4/6/2016,8046,5.849999905,5.849999905,0,1.289999962,2.119999886,2.450000048,0,18,41,137,1244
1644430081,4/7/2016,11166,8.119999886,8.119999886,0,0.209999993,2.410000086,5.5,0,3,58,230,1149
1644430081,4/8/2016,7842,5.699999809,5.699999809,0,0.479999989,2.410000086,2.809999943,0,7,43,161,1229
1644430081,4/9/2016,13840,10.06000042,10.06000042,0,1.309999943,3.720000029,5.03000021,0,18,81,192,1149
1644430081,4/10/2016,1329,0.970000029,0.970000029,0,0,0,0.970000029,0,0,0,35,207
1844505072,4/1/2016,6847,4.53000021,4.53000021,0,0.610000014,0.370000005,3.549999952,0,9,9,251,1171
1844505072,4/2/2016,5367,3.549999952,3.549999952,0,0,0,3.549999952,0,0,0,263,1177
1844505072,4/3/2016,2841,1.879999995,1.879999995,0,0,0,1.879999995,0,0,0,136,1114
1844505072,4/4/2016,0,0,0,0,0,0,0,0,0,0,0,669
1844505072,4/5/2016,0,0,0,0,0,0,0,0,0,0,0,1440
1844505072,4/6/2016,7,0,0,0,0,0,0,0,0,0,1,1439
1844505072,4/7/2016,6344,4.190000057,4.190000057,0,0,0,4.190000057,0,0,0,290,1150
1844505072,4/8/2016,5316,3.50999999,3.50999999,0,0,0,3.50999999,0,0,0,221,1219
1844505072,4/9/2016,4979,3.289999962,3.289999962,0,0,0,3.289999962,0,0,0,184,620
1844505072,4/10/2016,6556,4.340000153,4.340000153,0,0,0,4.329999924,0,0,0,305,810
1844505072,4/11/2016,5430,3.589999914,3.589999914,0,0,0,3.589999914,0,0,0,251,1189
1844505072,4/12/2016,0,0,0,0,0,0,0,0,0,0,0,426
1927972279,4/1/2016,4317,2.99000001,2.99000001,0,0,0.370000005,2.619999886,0,0,11,192,854
1927972279,4/2/2016,5662,3.920000076,3.920000076,0,0,0,3.920000076,0,0,0,267,858
1927972279,4/3/2016,3198,2.210000038,2.210000038,0,0,0,2.210000038,0,0,0,146,1183
1927972279,4/4/2016,2352,1.629999995,1.629999995,0,0,0,1.629999995,0,0,0,128,829
1927972279,4/5/2016,2234,1.549999952,1.549999952,0,0,0,1.549999952,0,0,0,108,912
1927972279,4/6/2016,1259,0.870000005,0.870000005,0,0,0,0.870000005,0,0,0,73,938
1927972279,4/7/2016,768,0.529999971,0.529999971,0,0,0,0.529999971,0,0,0,43,1397
1927972279,4/8/2016,519,0.360000014,0.360000014,0,0,0,0.360000014,0,0,0,34,1406
1927972279,4/9/2016,2523,1.75,1.75,0,0,0.370000005,1.379999995,0,0,9,134,1250
1927972279,4/10/2016,2105,1.460000038,1.460000038,0,0,0,1.460000038,0,0,0,139,805
1927972279,4/11/2016,1209,0.839999974,0.839999974,0,0,0,0.839999974,0,0,0,73,842
1927972279,4/12/2016,24,0.02,0.02,0,0,0,0.02,0,0,0,3,161
2022484408,4/1/2016,13603,9.600000381,9.600000381,0,5.460000038,0.629999995,3.50999999,0,72,16,213,1139
2022484408,4/2/2016,5477,3.839999914,3.839999914,0,0,0,3.839999914,0,0,0,237,1203
2022484408,4/3/2016,11144,7.820000172,7.820000172,0,1.789999962,0.889999986,5.139999866,0,25,22,279,1114
2022484408,4/4/2016,15313,11,11,0,5.019999981,1.289999962,4.690000057,0,62,19,233,1126
2022484408,4/5/2016,10805,7.590000153,7.590000153,0,0.720000029,0.980000019,5.889999866,0,36,37,298,1069
2022484408,4/6/2016,15392,10.93000031,10.93000031,0,3.430000067,1.75,5.75,0,47,42,258,1093
2022484408,4/7/2016,18247,13.82999992,13.82999992,0,7.110000134,2.210000038,4.510000229,0,72,62,252,1054
2022484408,4/8/2016,13023,9.260000229,9.260000229,0,3.230000019,0.560000002,5.46999979,0,40,12,296,1092
2022484408,4/9/2016,16267,12.59000015,12.59000015,0,5.75,0.469999999,6.369999886,0,44,16,302,1078
2022484408,4/10/2016,10005,7.019999981,7.019999981,0,0.079999998,1.049999952,5.900000095,0,1,23,339,1077
2022484408,4/11/2016,10106,7.090000153,7.090000153,0,1.210000038,0.560000002,5.329999924,0,41,16,272,1111
2022484408,4/12/2016,6717,4.71999979,4.71999979,0,3.230000019,0.219999999,1.269999981,0,41,5,67,551
2026352035,4/1/2016,2605,1.620000005,1.620000005,0,0,0,1.620000005,0,0,0,166,729
2026352035,4/2/2016,1229,0.75999999,0.75999999,0,0,0,0.75999999,0,0,0,69,795
2026352035,4/3/2016,2308,1.429999948,1.429999948,0,0,0,1.429999948,0,0,0,115,720
2026352035,4/4/2016,6679,4.139999866,4.139999866,0,0,0,4.139999866,0,0,0,263,644
2026352035,4/5/2016,5645,3.5,3.5,0,0,0,3.5,0,0,0,248,621
2026352035,4/6/2016,3180,1.970000029,1.970000029,0,0,0,1.970000029,0,0,0,185,738
2026352035,4/7/2016,2767,1.720000029,1.720000029,0,0,0,1.720000029,0,0,0,170,673
2026352035,4/8/2016,3762,2.329999924,2.329999924,0,0,0,2.329999924,0,0,0,173,719
2026352035,4/9/2016,3098,1.919999957,1.919999957,0,0,0,1.919999957,0,0,0,185,700
2026352035,4/10/2016,5142,3.190000057,3.190000057,0,0,0,3.190000057,0,0,0,230,654
2026352035,4/11/2016,3279,2.029999971,2.029999971,0,0,0,2.029999971,0,0,0,164,694
2026352035,4/12/2016,1019,0.629999995,0.629999995,0,0,0,0.629999995,0,0,0,64,223
2320127002,4/1/2016,0,0,0,0,0,0,0,0,0,0,0,1440
2320127002,4/2/2016,0,0,0,0,0,0,0,0,0,0,0,1440
2320127002,4/3/2016,0,0,0,0,0,0,0,0,0,0,0,1440
2320127002,4/4/2016,0,0,0,0,0,0,0,0,0,0,0,1440
2320127002,4/5/2016,4931,3.319999933,3.319999933,0,0,0,3.319999933,0,0,0,175,1265
2320127002,4/6/2016,6999,4.71999979,4.71999979,0,0,0,4.71999979,0,0,0,320,1120
2320127002,4/7/2016,1846,1.24000001,1.24000001,0,0,0,1.24000001,0,0,0,93,1347
2320127002,4/8/2016,3417,2.299999952,2.299999952,0,0,0,2.299999952,0,0,0,153,1287
2320127002,4/9/2016,4863,3.279999971,3.279999971,0,0.059999999,0.419999987,2.799999952,0,1,11,208,1220
2320127002,4/10/2016,2277,1.529999971,1.529999971,0,0,0,1.529999971,0,0,0,103,1337
2320127002,4/11/2016,11230,7.670000076,7.670000076,0,0.889999986,0.119999997,6.659999847,0,10,2,390,1038
2320127002,4/12/2016,2098,1.409999967,1.409999967,0,0,0,1.409999967,0,0,0,69,617
2347167796,3/29/2016,10272,6.789999962,6.789999962,0,0.159999996,3.119999886,3.5,0,2,58,208,700
2347167796,3/30/2016,10533,7.099999905,7.099999905,0,1.769999981,2.059999943,3.269999981,0,21,35,255,615
2347167796,3/31/2016,6760,4.46999979,4.46999979,0,0,0,4.46999979,0,0,0,250,613
2347167796,4/1/2016,8328,5.510000229,5.510000229,0,0,2,3.5,0,0,33,212,804
2347167796,4/2/2016,15459,10.22000027,10.22000027,0,3.589999914,0.810000002,5.820000172,0,51,16,327,583
2347167796,4/3/2016,7485,4.949999809,4.949999809,0,0,0,4.949999809,0,0,0,324,491
2347167796,4/4/2016,10254,6.800000191,6.800000191,0,1.419999957,1.230000019,4.159999847,0,21,25,231,638
2347167796,4/5/2016,10114,6.820000172,6.820000172,0,1.639999986,0.479999989,4.679999828,0,18,9,269,696
2347167796,4/6/2016,11107,7.340000153,7.340000153,0,0.899999976,2.75999999,3.680000067,0,14,46,196,759
2347167796,4/7/2016,10320,6.849999905,6.849999905,0,0.680000007,1.230000019,4.940000057,0,15,32,315,1002
2347167796,4/8/2016,10209,6.75,6.75,0,0.159999996,0.349999994,6.230000019,0,2,6,316,711
2347167796,4/9/2016,16081,10.63000011,10.63000011,0,1.25,1.820000052,7.559999943,0,16,32,401,970
2347167796,4/10/2016,10078,6.829999924,6.829999924,0,1.019999981,0.119999997,5.690000057,0,12,3,303,463
2347167796,4/11/2016,10001,6.610000134,6.610000134,0,0.330000013,2.930000067,3.359999895,0,5,52,196,788
2347167796,4/12/2016,0,0,0,0,0,0,0,0,0,0,0,425
2873212765,4/1/2016,890,0.600000024,0.600000024,0,0,0,0.600000024,0,0,0,41,1399
2873212765,4/2/2016,2214,1.49000001,1.49000001,0,0,0,1.49000001,0,0,0,197,1243
2873212765,4/3/2016,7640,5.130000114,5.130000114,0,0.189999998,0.800000012,4.150000095,0,3,15,315,1107
2873212765,4/4/2016,9713,6.53000021,6.53000021,0,0.340000004,0.889999986,5.289999962,0,6,24,355,1055
2873212765,4/5/2016,8432,5.670000076,5.670000076,0,0,0,5.650000095,0.01,0,0,374,1066
2873212765,4/6/2016,7350,4.940000057,4.940000057,0,0,0,4.940000057,0,0,0,382,1058
2873212765,4/7/2016,9353,6.309999943,6.309999943,0,0.370000005,0.689999998,5.239999771,0,5,17,363,1055
2873212765,4/8/2016,7157,4.809999943,4.809999943,0,0,0,4.809999943,0,0,0,380,1060
2873212765,4/9/2016,14103,9.56000042,9.56000042,0,3.019999981,0.409999996,6.139999866,0.01,46,8,288,1098
2873212765,4/10/2016,5290,3.549999952,3.549999952,0,0.039999999,0.340000004,3.170000076,0,1,8,251,1180
2873212765,4/11/2016,7497,5.039999962,5.039999962,0,0,0,5.039999962,0,0,0,357,882
2873212765,4/12/2016,0,0,0,0,0,0,0,0,0,0,0,1440
2891001357,3/29/2016,0,0,0,0,0,0,0,0,0,0,0,1440
2891001357,3/30/2016,0,0,0,0,0,0,0,0,0,0,0,1440
2891001357,3/31/2016,0,0,0,0,0,0,0,0,0,0,0,1440
2891001357,4/1/2016,0,0,0,4.828032017,0,0,0,0,0,660,0,780
2891001357,4/2/2016,4126,3.220000029,0,3.218688011,0,0,3.220000029,0,0,0,720,720
2891001357,4/3/2016,0,0,0,0,0,0,0,0,0,0,0,1440
2891001357,4/4/2016,0,0,0,0,0,0,0,0,0,0,0,1440
2891001357,4/5/2016,2063,1.610000014,0,1.609344006,0,0,1.610000014,0,0,0,630,99
3372868164,4/1/2016,5785,3.950000048,3.950000048,0,0,0,3.910000086,0.039999999,0,0,311,1129
3372868164,4/2/2016,7625,5.230000019,5.230000019,0,1.679999948,0.039999999,3.5,0.01,24,1,341,1074
3372868164,4/3/2016,4706,3.210000038,3.210000038,0,0,0,3.210000038,0,0,0,299,1141
3372868164,4/4/2016,5861,4.019999981,4.019999981,0,1.299999952,0.219999999,2.49000001,0.01,20,7,233,1180
3372868164,4/5/2016,4460,3.039999962,3.039999962,0,0,0,3.019999981,0.029999999,0,0,248,1192
3372868164,4/6/2016,6406,4.389999866,4.389999866,0,0.779999971,0.090000004,3.519999981,0.01,17,4,325,1094
3372868164,4/7/2016,7392,5.099999905,5.099999905,0,0.870000005,0.159999996,4.050000191,0.02,14,9,332,1085
3372868164,4/8/2016,5551,3.789999962,3.789999962,0,0,0,3.769999981,0.01,0,0,282,1158
3372868164,4/9/2016,8827,6.25,6.25,0,1.769999981,0.479999989,4,0.01,21,10,346,1063
3372868164,4/10/2016,4662,3.180000067,3.180000067,0,1.039999962,0.150000006,1.99000001,0,22,4,152,735
3977333714,4/1/2016,4499,3.00999999,3.00999999,0,0,0,3.00999999,0,0,0,168,842
3977333714,4/2/2016,7618,5.099999905,5.099999905,0,0,0.180000007,4.909999847,0,0,6,302,842
3977333714,4/3/2016,11508,7.699999809,7.699999809,0,2.170000076,0.839999974,4.690000057,0,29,22,282,748
3977333714,4/4/2016,11943,7.989999771,7.989999771,0,1.029999971,2.00999999,4.949999809,0,16,43,297,710
3977333714,4/5/2016,12303,8.229999542,8.229999542,0,1.710000038,1.350000024,5.170000076,0,26,32,291,605
3977333714,4/6/2016,15425,10.31999969,10.31999969,0,1.620000005,1.820000052,6.869999886,0,24,45,331,614
3977333714,4/7/2016,8422,5.630000114,5.630000114,0,0,3.599999905,2.039999962,0,0,81,139,815
3977333714,4/8/2016,10226,6.840000153,6.840000153,0,0,4.440000057,2.400000095,0,0,101,174,685
3977333714,4/9/2016,14583,9.760000229,9.760000229,0,2.480000019,1.74000001,5.53000021,0,35,36,254,697
3977333714,4/10/2016,3573,2.390000105,2.390000105,0,0.939999998,0.409999996,0.970000029,0,15,8,99,866
3977333714,4/11/2016,3108,2.140000105,2.140000105,0,0.07,0.039999999,1.960000038,0,1,1,129,894
3977333714,4/12/2016,759,0.569999993,0.569999993,0,0,0,0.569999993,0,0,0,17,187
4020332650,3/12/2016,5543,3.970000029,3.970000029,0,0,0,3.960000038,0.01,0,0,254,757
4020332650,3/13/2016,3226,2.309999943,2.309999943,0,0,0,2.279999971,0,0,0,136,771
4020332650,3/14/2016,3023,2.170000076,2.170000076,0,0,0,2.140000105,0,0,0,145,1005
4020332650,3/15/2016,5906,4.230000019,4.230000019,0,0,0.159999996,4.039999962,0,0,10,215,874
4020332650,3/16/2016,12483,8.989999771,8.989999771,0,1.450000048,0.569999993,6.900000095,0,25,14,309,599
4020332650,3/17/2016,8940,6.409999847,6.409999847,0,0,0,0.610000014,0.039999999,0,0,47,986
4020332650,3/18/2016,368,0.25999999,0.25999999,0,0,0,0,0,0,0,0,1440
4020332650,3/19/2016,5702,4.090000153,4.090000153,0,0,0,0,0,0,0,0,1440
4020332650,3/20/2016,10330,7.409999847,7.409999847,0,0,0,0,0,0,0,0,1440
4020332650,3/21/2016,8778,6.289999962,6.289999962,0,0,0,0,0,0,0,0,1440
4020332650,3/22/2016,6662,4.78000021,4.78000021,0,0,0,0,0,0,0,0,1440
4020332650,3/23/2016,6309,4.519999981,4.519999981,0,0,0,0,0,0,0,0,1440
4020332650,3/24/2016,1951,1.409999967,1.409999967,0,0,0,0,0,0,0,0,1440
4020332650,3/25/2016,5563,3.99000001,3.99000001,0,0,0,0,0,0,0,0,1440
4020332650,3/26/2016,4370,3.130000114,3.130000114,0,0,0,0,0,0,0,0,1440
4020332650,3/27/2016,7144,5.119999886,5.119999886,0,0,0,0,0,0,0,0,1440
4020332650,3/28/2016,2106,1.50999999,1.50999999,0,0.02,0.050000001,0.209999993,0,31,45,75,1289
4020332650,3/29/2016,4152,2.980000019,2.980000019,0,0,0,2.960000038,0,0,0,187,1253
4020332650,3/30/2016,5400,3.869999886,3.869999886,0,0,0,3.849999905,0,0,0,258,795
4020332650,3/31/2016,7428,5.329999924,5.329999924,0,0.870000005,0.920000017,3.50999999,0,18,33,261,860
4020332650,4/1/2016,5351,3.839999914,3.839999914,0,0.620000005,0.180000007,3.00999999,0,15,17,210,748
4020332650,4/2/2016,4299,3.099999905,3.099999905,0,0.090000004,0.209999993,2.74000001,0.039999999,3,15,162,752
4020332650,4/3/2016,6107,4.380000114,4.380000114,0,0,0,4.360000134,0,0,0,265,776
4020332650,4/4/2016,6429,4.599999905,4.599999905,0,0,0.949999988,3.650000095,0,0,28,193,741
4020332650,4/5/2016,6880,4.929999828,4.929999828,0,0.5,0.75999999,3.650000095,0,7,19,165,1249
4020332650,4/6/2016,7476,5.360000134,5.360000134,0,0,0,5.309999943,0,0,0,263,920
4020332650,4/7/2016,6581,4.71999979,4.71999979,0,0,0.289999992,4.389999866,0,0,8,241,1191
4020332650,4/8/2016,10480,7.510000229,7.510000229,0,0.409999996,1.470000029,5.010000229,0.039999999,6,37,272,1125
4020332650,4/9/2016,7734,5.550000191,5.550000191,0,1.159999967,0.49000001,3.819999933,0.059999999,20,12,223,1185
4020332650,4/10/2016,5129,3.680000067,3.680000067,0,0.180000007,0.239999995,3.210000038,0.01,5,7,176,1178
4020332650,4/11/2016,2993,2.150000095,2.150000095,0,0,0,2.089999914,0,0,0,114,888
4020332650,4/12/2016,8,0.01,0.01,0,0,0,0.01,0,0,0,1,321
4057192912,3/12/2016,0,0,0,0,0,0,0,0,0,0,0,1440
4057192912,3/13/2016,0,0,0,0,0,0,0,0,0,0,0,1440
4057192912,3/14/2016,8433,6.230000019,6.230000019,0,2.450000048,0.330000013,3.440000057,0,30,7,135,1268
4057192912,3/15/2016,0,0,0,0,0,0,0,0,0,0,0,1440
4057192912,3/16/2016,2139,1.559999943,1.559999943,0,0,1.299999952,0.25999999,0,0,28,15,1397
4057192912,3/17/2016,0,0,0,0,0,0,0,0,0,0,0,1440
4057192912,3/18/2016,949,0.689999998,0.689999998,0,0,0,0.689999998,0,0,0,34,1406
4057192912,3/19/2016,0,0,0,0,0,0,0,0,0,0,0,1440
4057192912,3/20/2016,44,0.029999999,0.029999999,0,0,0,0.029999999,0,0,0,2,1438
4057192912,3/21/2016,2660,1.940000057,1.940000057,0,0,0,1.940000057,0,0,0,46,1394
4057192912,3/22/2016,5561,4.190000057,4.190000057,0,0,0,4.070000172,0,0,0,169,1271
4057192912,3/23/2016,7239,5.340000153,5.340000153,0,0.550000012,0.360000014,4.380000114,0,7,7,190,1236
4057192912,3/24/2016,7,0.01,0.01,0,0,0,0.01,0,0,0,1,1439
4057192912,3/25/2016,0,0,0,0,0,0,0,0,0,0,0,1440
4057192912,3/26/2016,0,0,0,0,0,0,0,0,0,0,0,1440
4057192912,3/27/2016,2275,1.679999948,1.679999948,0,0,0,1.659999967,0,0,0,86,1354
4057192912,3/28/2016,8,0.01,0.01,0,0,0,0.01,0,0,0,1,1439
4057192912,3/29/2016,5137,3.75999999,3.75999999,0,0,0,3.75999999,0,0,0,160,1280
4057192912,3/30/2016,5419,4,4.570000172,0.055842999,0,0,3.910000086,0.059999999,0,0,145,1295
4057192912,3/31/2016,0,0,0,0,0,0,0,0,0,0,0,1440
4057192912,4/1/2016,0,0,0,0,0,0,0,0,0,0,0,1440
4057192912,4/2/2016,0,0,0,0,0,0,0,0,0,0,0,1440
4057192912,4/3/2016,0,0,0,0,0,0,0,0,0,0,0,1440
4057192912,4/4/2016,0,0,0,0,0,0,0,0,0,0,0,1440
4057192912,4/5/2016,0,0,0,0,0,0,0,0,0,0,0,1440
4057192912,4/6/2016,18,0.01,0.01,0,0,0,0.01,0,0,0,2,1438
4057192912,4/7/2016,4,0,0,0,0,0,0,0,0,0,1,1439
4057192912,4/8/2016,8426,6.159999847,6.159999847,0,0.129999995,5.489999771,0.540000021,0,2,120,25,1293
4057192912,4/9/2016,1650,1.210000038,1.210000038,0,0,0,1.210000038,0,0,0,60,1380
4057192912,4/10/2016,3434,2.50999999,2.50999999,0,0.07,0.300000012,2.140000105,0,1,7,108,1324
4057192912,4/11/2016,6801,4.980000019,4.980000019,0,0,0,4.96999979,0,0,0,193,1247
4057192912,4/12/2016,187,0.140000001,0.140000001,0,0,0,0.140000001,0,0,0,11,400
4319703577,3/29/2016,5643,3.789999962,3.789999962,0,0.230000004,0.330000013,3.230000019,0,3,8,199,683
4319703577,3/30/2016,9043,6.070000172,6.070000172,0,0.25,0.430000007,5.369999886,0,4,12,244,702
4319703577,3/31/2016,8144,5.460000038,5.460000038,0,0.25,0.610000014,4.610000134,0,4,17,247,1125
4319703577,4/1/2016,9343,6.269999981,6.269999981,0,0.959999979,0.850000024,4.460000038,0,14,20,268,654
4319703577,4/2/2016,8405,5.659999847,5.659999847,0,1.129999995,0.189999998,4.340000153,0,15,4,257,621
4319703577,4/3/2016,8223,5.519999981,5.519999981,0,0.800000012,1.50999999,3.210000038,0,12,37,257,551
4319703577,4/4/2016,10067,6.760000229,6.760000229,0,0.360000014,1.419999957,4.96999979,0,5,39,313,578
4319703577,4/5/2016,8359,5.630000114,5.630000114,0,0.230000004,0.529999971,4.869999886,0,3,14,311,638
4319703577,4/6/2016,10946,7.349999905,7.349999905,0,0.540000021,2.089999914,4.71999979,0,8,51,308,569
4319703577,4/7/2016,9130,6.150000095,6.150000095,0,0.5,0.379999995,5.269999981,0,7,11,304,668
4319703577,4/8/2016,6544,4.409999847,4.409999847,0,0.289999992,0.25999999,3.859999895,0,4,6,276,1132
4319703577,4/9/2016,0,0,0,0,0,0,0,0,0,0,0,1440
4388161847,3/29/2016,0,0,0,0,0,0,0,0,0,0,0,1440
4388161847,3/30/2016,0,0,0,0,0,0,0,0,0,0,0,1440
4388161847,3/31/2016,0,0,0,0,0,0,0,0,0,0,0,1440
4388161847,4/1/2016,0,0,0,0,0,0,0,0,0,0,0,1440
4388161847,4/2/2016,0,0,0,0,0,0,0,0,0,0,0,1440
4388161847,4/3/2016,0,0,0,0,0,0,0,0,0,0,0,1440
4388161847,4/4/2016,0,0,0,0,0,0,0,0,0,0,0,1440
4388161847,4/5/2016,0,0,0,0,0,0,0,0,0,0,0,994
4445114986,3/29/2016,2303,1.549999952,1.549999952,0,0,0,1.549999952,0,0,0,155,807
4445114986,3/30/2016,2600,1.74000001,1.74000001,0,0,0,1.74000001,0,0,0,163,1277
4445114986,3/31/2016,4804,3.220000029,3.220000029,0,0,0,3.220000029,0,0,0,238,786
4445114986,4/1/2016,3271,2.190000057,2.190000057,0,0,0,2.190000057,0,0,0,205,898
4445114986,4/2/2016,5406,3.630000114,3.630000114,0,0,0,3.609999895,0,0,0,273,672
4445114986,4/3/2016,3146,2.109999895,2.109999895,0,0,0,2.109999895,0,0,0,171,1269
4445114986,4/4/2016,2422,1.629999995,1.629999995,0,0,0,1.629999995,0,0,0,110,1330
4445114986,4/5/2016,4239,2.839999914,2.839999914,0,0.059999999,0.239999995,2.529999971,0,1,6,235,702
4445114986,4/6/2016,6911,4.78000021,4.78000021,0,2.319999933,0.100000001,2.359999895,0,28,2,215,745
4445114986,4/7/2016,6667,4.610000134,4.610000134,0,2.019999981,0.050000001,2.549999952,0,24,1,208,939
4445114986,4/8/2016,5543,3.720000029,3.720000029,0,0,0,3.720000029,0,0,0,266,941
4445114986,4/9/2016,4195,2.809999943,2.809999943,0,0,0,2.809999943,0,0,0,239,758
4445114986,4/10/2016,6625,4.449999809,4.449999809,0,0,0,4.449999809,0,0,0,316,755
4445114986,4/11/2016,5986,4.130000114,4.130000114,0,1.950000048,0.230000004,1.950000048,0,23,5,195,789
4445114986,4/12/2016,278,0.189999998,0.189999998,0,0,0,0.189999998,0,0,0,20,253
4558609924,4/1/2016,5336,3.529999971,3.529999971,0,0,0,3.529999971,0,0,0,258,1182
4558609924,4/2/2016,3183,2.099999905,2.099999905,0,0,0,2.099999905,0,0,0,173,1180
4558609924,4/3/2016,6176,4.079999924,4.079999924,0,0.07,0.25999999,3.75,0,1,7,269,886
4558609924,4/4/2016,8205,5.420000076,5.420000076,0,0,0,5.420000076,0,0,0,367,1073
4558609924,4/5/2016,6799,4.489999771,4.489999771,0,1.590000033,0.860000014,2.039999962,0,24,14,185,1217
4558609924,4/6/2016,5668,3.75,3.75,0,0,0,3.75,0,0,0,259,1181
4558609924,4/7/2016,7998,5.289999962,5.289999962,0,0.50999999,0.25,4.53000021,0,27,12,296,1105
4558609924,4/8/2016,4195,2.769999981,2.769999981,0,0,0,2.769999981,0,0,0,241,1199
4558609924,4/9/2016,5512,3.640000105,3.640000105,0,0,0,3.640000105,0,0,0,276,1164
4558609924,4/10/2016,6263,4.139999866,4.139999866,0,0,0,4.130000114,0,0,0,290,1150
4558609924,4/11/2016,8828,5.840000153,5.840000153,0,0,0,5.840000153,0,0,0,308,1132
4558609924,4/12/2016,1260,0.829999983,0.829999983,0,0,0,0.819999993,0,0,0,76,555
4702921684,3/29/2016,6506,5.28000021,5.28000021,0,0.330000013,0.270000011,4.670000076,0,4,5,241,760
4702921684,3/30/2016,7583,6.150000095,6.150000095,0,0.25,0.550000012,5.349999905,0,3,13,227,742
4702921684,3/31/2016,6963,5.650000095,5.650000095,0,0,0,5.650000095,0,0,0,256,759
4702921684,4/1/2016,7165,5.809999943,5.809999943,0,0,0.370000005,5.440000057,0,0,9,248,708
4702921684,4/2/2016,10328,8.380000114,8.380000114,0,0,1.460000038,6.920000076,0,0,32,367,475
4702921684,4/3/2016,12116,9.829999924,9.829999924,0,0.25,2.849999905,6.71999979,0,3,57,323,471
4702921684,4/4/2016,7810,6.360000134,6.360000134,0,0.479999989,1.200000048,4.679999828,0,6,27,216,746
4702921684,4/5/2016,6670,5.409999847,5.409999847,0,1.24000001,0.800000012,3.369999886,0,15,16,199,770
4702921684,4/6/2016,7605,6.179999828,6.179999828,0,0.330000013,0.209999993,5.630000114,0,4,4,248,708
4702921684,4/7/2016,6585,5.340000153,5.340000153,0,0,0,5.340000153,0,0,0,210,770
4702921684,4/8/2016,8184,6.639999866,6.639999866,0,0,0.620000005,5.949999809,0,0,15,247,808
4702921684,4/9/2016,14002,11.35999966,11.35999966,0,0.610000014,2.680000067,8.06000042,0,8,56,381,407
4702921684,4/10/2016,11135,9.029999733,9.029999733,0,0.079999998,1.159999967,7.789999962,0,1,25,331,528
4702921684,4/11/2016,6499,5.269999981,5.269999981,0,0,0,5.269999981,0,0,0,207,809
4702921684,4/12/2016,0,0,0,0,0,0,0,0,0,0,0,1440
5553957443,4/1/2016,12409,8.100000381,8.100000381,0,2.900000095,0.629999995,4.579999924,0,51,12,235,782
5553957443,4/2/2016,2937,1.919999957,1.919999957,0,0,0,1.909999967,0,0,0,181,356
5553957443,4/3/2016,1515,0.99000001,0.99000001,0,0,0,0.99000001,0,0,0,93,507
5553957443,4/4/2016,8921,5.880000114,5.880000114,0,2.069999933,0.439999998,3.359999895,0,27,8,198,754
5553957443,4/5/2016,11306,7.380000114,7.380000114,0,2.309999943,0.980000019,4.090000153,0,40,26,218,772
5553957443,4/6/2016,12252,8,8,0,2.410000086,1.700000048,3.890000105,0,33,28,229,745
5553957443,4/7/2016,15444,10.07999992,10.07999992,0,3.269999981,1.730000019,5.079999924,0,51,39,243,731
5553957443,4/8/2016,9938,6.489999771,6.489999771,0,2.140000105,1.279999971,3.079999924,0,38,24,193,767
5553957443,4/9/2016,4599,3,3,0,0,0,3,0,0,0,176,578
5553957443,4/10/2016,5594,3.650000095,3.650000095,0,0.280000001,1.480000019,1.889999986,0,4,25,150,552
5553957443,4/11/2016,11906,7.769999981,7.769999981,0,2.25999999,1.519999981,3.99000001,0,32,27,234,688
5553957443,4/12/2016,3436,2.24000001,2.24000001,0,0.5,0.670000017,1.049999952,0,7,11,50,61
5577150313,4/1/2016,10461,7.869999886,7.869999886,0,4.760000229,0.850000024,2.25,0,99,31,142,721
5577150313,4/2/2016,14873,11.10999966,11.10999966,0,8.18999958,0.600000024,2.309999943,0,202,36,153,663
5577150313,4/3/2016,9917,7.409999847,7.409999847,0,1.99000001,0.970000029,4.440000057,0,58,27,240,700
5577150313,4/4/2016,7401,5.559999943,5.559999943,0,2.319999933,0.360000014,2.880000114,0,70,19,204,689
5577150313,4/5/2016,8964,6.699999809,6.699999809,0,3.970000029,0.189999998,2.529999971,0,107,18,145,756
5577150313,4/6/2016,11080,8.300000191,8.300000191,0,3.130000114,1.370000005,3.809999943,0,83,52,190,695
5577150313,4/7/2016,4499,3.359999895,3.359999895,0,0.889999986,0.25999999,2.210000038,0,31,11,146,756
5577150313,4/8/2016,4363,3.25999999,3.25999999,0,0.129999995,0.059999999,3.079999924,0,8,2,156,813
5577150313,4/9/2016,10494,7.840000153,7.840000153,0,4.909999847,0.779999971,2.150000095,0,123,62,138,601
5577150313,4/10/2016,9776,7.380000114,7.380000114,0,2.930000067,1.429999948,3.019999981,0,80,35,162,721
5577150313,4/11/2016,2862,2.140000105,2.140000105,0,1.039999962,0.25,0.839999974,0,39,17,54,209
6117666160,4/1/2016,7444,5.619999886,5.619999886,0,0,0,5.619999886,0,0,0,286,568
6117666160,4/2/2016,19658,14.84000015,14.84000015,0,0.239999995,2.089999914,12.51000023,0,3,30,475,466
6117666160,4/3/2016,0,0,0,0,0,0,0,0,0,0,0,1440
6117666160,4/4/2016,8468,6.389999866,6.389999866,0,0.180000007,0.639999986,5.570000172,0,2,11,279,1148
6117666160,4/5/2016,9910,7.480000019,7.480000019,0,0,0,7.480000019,0,0,0,384,990
6117666160,4/6/2016,12409,9.369999886,9.369999886,0,0,0,9.369999886,0,0,0,491,388
6117666160,4/7/2016,4853,3.660000086,3.660000086,0,0,0,3.660000086,0,0,0,156,770
6117666160,4/8/2016,8955,6.760000229,6.760000229,0,0,0,6.730000019,0,0,0,422,1018
6117666160,4/9/2016,10789,8.149999619,8.149999619,0,0,0,8.149999619,0,0,0,506,413
6117666160,4/10/2016,0,0,0,0,0,0,0,0,0,0,0,1440
6290855005,4/1/2016,6633,5.010000229,5.010000229,0,0,0,5.010000229,0,0,0,280,1160
6290855005,4/2/2016,9548,7.21999979,7.21999979,0,2.019999981,3.680000067,1.519999981,0,25,107,113,1195
6290855005,4/3/2016,0,0,0,0,0,0,0,0,33,0,0,1407
6290855005,4/4/2016,0,0,0,0,0,0,0,0,0,0,0,1440
6290855005,4/5/2016,0,0,0,0,0,0,0,0,0,0,0,1440
6290855005,4/6/2016,0,0,0,0,0,0,0,0,0,0,0,1440
6290855005,4/7/2016,0,0,0,0,0,0,0,0,0,0,0,1440
6290855005,4/8/2016,0,0,0,0,0,0,0,0,0,0,0,1440
6290855005,4/9/2016,0,0,0,0,0,0,0,0,0,0,0,1440
6290855005,4/10/2016,0,0,0,0,0,0,0,0,20,0,0,494
6391747486,4/1/2016,0,0,0,0,0,0,0,0,0,0,0,1440
6391747486,4/2/2016,2101,2.029999971,0,2.027772903,2.029999971,0,0,0,46,0,0,1394
6391747486,4/3/2016,0,0,0,0,0,0,0,0,0,0,0,1440
6391747486,4/4/2016,0,0,0,0,0,0,0,0,0,0,0,1440
6391747486,4/5/2016,9766,7.510000229,0.779999971,6.72705698,0,0.050000001,7.460000038,0,0,6,301,1133
6391747486,4/6/2016,165,0.129999995,0.129999995,0,0,0,0.129999995,0,0,0,8,1432
6391747486,4/7/2016,0,0,0,0,0,0,0,0,0,0,0,1440
6391747486,4/8/2016,0,0,0,0,0,0,0,0,0,0,0,1440
6391747486,4/9/2016,0,0,0,0,0,0,0,0,0,0,0,198
6775888955,4/1/2016,7225,5.179999828,5.179999828,0,1.730000019,1.269999981,2.180000067,0,25,50,163,1189
6775888955,4/2/2016,1988,1.429999948,1.429999948,0,0,0,1.429999948,0,0,0,79,909
6775888955,4/3/2016,1577,1.129999995,1.129999995,0,0.07,0.889999986,0.170000002,0,1,17,8,1414
6775888955,4/4/2016,0,0,0,0,0,0,0,0,0,0,0,1440
6775888955,4/5/2016,9348,6.699999809,6.699999809,0,1.129999995,2.039999962,3.140000105,0,56,133,240,1011
6775888955,4/6/2016,11761,8.430000305,8.430000305,0,1.309999943,2.440000057,4.679999828,0,24,99,300,550
6775888955,4/7/2016,13987,10.02999973,10.02999973,0,2.869999886,3.339999914,3.819999933,0,46,114,250,739
6775888955,4/8/2016,4131,2.960000038,2.960000038,0,1.370000005,0.610000014,0.980000019,0,27,30,75,1308
6775888955,4/9/2016,14,0.01,0.01,0,0,0,0.01,0,0,0,1,601
6962181067,3/30/2016,15491,10.23999977,10.23999977,0,1.289999962,4.489999771,4.460000038,0,18,77,272,641
6962181067,3/31/2016,14097,9.319999695,9.319999695,0,3.5,1.919999957,3.900000095,0,50,32,234,595
6962181067,4/1/2016,10467,6.980000019,6.980000019,0,0.699999988,2.430000067,3.849999905,0,9,45,252,602
6962181067,4/2/2016,12437,8.300000191,8.300000191,0,3.75999999,1.289999962,3.24000001,0,50,24,219,732
6962181067,4/3/2016,12307,8.140000343,8.140000343,0,1.00999999,3.25999999,3.869999886,0,14,51,218,589
6962181067,4/4/2016,18952,12.80000019,12.80000019,0,5.909999847,1.230000019,5.659999847,0,73,20,327,570
6962181067,4/5/2016,12010,7.940000057,7.940000057,0,2.380000114,0.949999988,4.610000134,0,38,17,287,692
6962181067,4/6/2016,12480,8.859999657,8.25,3.97279501,4.179999828,0.689999998,4,0,55,14,276,593
6962181067,4/7/2016,13417,9.649999619,8.869999886,1.926301956,3.390000105,1.25,4.909999847,0.100000001,45,16,284,665
6962181067,4/8/2016,14400,10.88000011,9.520000458,5.45686388,2.470000029,2.880000114,5.53000021,0,27,37,276,697
6962181067,4/9/2016,12495,8.260000229,8.260000229,0,2.210000038,1.090000033,4.960000038,0,33,19,324,609
6962181067,4/10/2016,10148,6.710000038,6.710000038,0,1.360000014,0.219999999,5.130000114,0,19,7,306,679
6962181067,4/11/2016,12362,9.090000153,8.170000076,2.696455002,1.090000033,2.730000019,5.269999981,0,21,38,297,678
6962181067,4/12/2016,5893,3.900000095,3.900000095,0,2.880000114,0.560000002,0.460000008,0,43,9,48,146
7007744171,4/1/2016,11680,9.06000042,7.809999943,4.901282787,4.489999771,0.330000013,4.239999771,0,50,7,244,1139
7007744171,4/2/2016,10976,7.340000153,7.340000153,0,0.550000012,0.670000017,6.130000114,0,9,16,271,1075
7007744171,4/3/2016,16806,11.23999977,11.23999977,0,6.409999847,1.370000005,3.470000029,0,104,31,230,1002
7007744171,4/4/2016,15266,11.39999962,10.21000004,5.189849854,5.800000191,0.75999999,4.789999962,0.050000001,70,21,292,1057
7007744171,4/5/2016,12084,9.140000343,8.079999924,4.836380005,4.389999866,0.460000008,4.289999962,0,50,6,284,1030
7007744171,4/6/2016,13513,10.25,9.069999695,4.835720062,5.349999905,0.330000013,4.559999943,0,64,8,270,1098
7007744171,4/7/2016,14100,10.57999992,9.430000305,4.875989914,5.099999905,1.190000057,4.28000021,0,61,33,265,1015
7007744171,4/8/2016,12627,9.649999619,8.449999809,4.842319965,4.699999809,0.74000001,4.210000038,0,54,22,301,1063
7007744171,4/9/2016,10345,6.920000076,6.920000076,0,0.07,0.270000011,6.579999924,0,2,6,358,1074
7007744171,4/10/2016,10146,6.789999962,6.789999962,0,0.07,0.610000014,6.110000134,0,1,12,397,1030
7007744171,4/11/2016,12168,8.140000343,8.140000343,0,1.049999952,0.790000021,6.289999962,0,18,27,375,1020
7007744171,4/12/2016,7413,5.769999981,4.960000038,4.869782925,4.5,0.340000004,0.939999998,0,53,6,43,405
7086361926,4/1/2016,11463,7.670000076,7.670000076,0,2.829999924,1.889999986,2.930000067,0,38,30,154,777
7086361926,4/2/2016,87,0.02,0.02,0,0,0,0.01,0,0,0,2,872
7086361926,4/3/2016,1949,1.309999943,1.309999943,0,0.230000004,0.349999994,0.730000019,0,3,6,27,1404
7086361926,4/4/2016,6101,3.869999886,3.869999886,0,0.529999971,0.230000004,3.099999905,0,31,24,138,1247
7086361926,4/5/2016,7478,4.989999771,4.989999771,0,1.799999952,0.529999971,2.609999895,0.029999999,25,33,132,1159
7086361926,4/6/2016,7352,4.730000019,4.730000019,0,1.409999967,0.779999971,2.529999971,0,19,14,124,814
7086361926,4/7/2016,14604,10.81999969,10.81999969,0,7.230000019,1.120000005,2.430000067,0.029999999,76,30,127,695
7086361926,4/8/2016,9634,6.519999981,6.519999981,0,2.5,1.399999976,2.589999914,0,50,48,140,797
7086361926,4/9/2016,7338,4.670000076,4.670000076,0,1.080000043,0.129999995,3.460000038,0,27,5,204,717
7086361926,4/10/2016,569,0.349999994,0.349999994,0,0,0,0.340000004,0,0,0,27,1368
7086361926,4/11/2016,6242,3.920000076,3.920000076,0,0.74000001,0.230000004,2.930000067,0,46,22,126,741
7086361926,4/12/2016,430,0.25999999,0.25999999,0,0,0,0.25999999,0,0,0,14,75
8053475328,4/2/2016,20188,15.61999989,15.61999989,0,12.06000042,0.850000024,2.710000038,0,124,19,172,1125
8053475328,4/3/2016,25701,20.13999939,20.13999939,0,16.81999969,1.629999995,1.690000057,0,165,36,97,1142
8053475328,4/4/2016,17395,13.21000004,13.21000004,0,9.670000076,0.180000007,3.349999905,0,100,4,213,1123
8053475328,4/5/2016,17167,13.40999985,13.40999985,0,9.960000038,0.310000002,3.140000105,0,98,8,184,1150
8053475328,4/6/2016,16435,12.42000008,12.42000008,0,8.960000038,0.550000012,2.910000086,0,100,14,191,1135
8053475328,4/7/2016,17078,13.19999981,13.19999981,0,9.970000267,0.239999995,2.99000001,0,101,6,190,1143
8053475328,4/8/2016,11693,9.539999962,9.539999962,0,6.769999981,0.25999999,2.5,0,60,6,153,1221
8053475328,4/9/2016,11159,9.140000343,9.140000343,0,6.690000057,0.25,2.190000057,0,59,6,120,1255
8053475328,4/10/2016,10118,7.730000019,7.730000019,0,3.049999952,0.800000012,3.880000114,0,30,18,207,1185
8053475328,4/11/2016,16064,12.72000027,12.72000027,0,9.979999542,0.360000014,2.380000114,0,96,8,155,1181
8053475328,4/12/2016,290,0.209999993,0.209999993,0,0,0,0.209999993,0,0,0,16,599
8253242879,4/1/2016,0,0,0,0,0,0,0,0,0,0,0,1440
8253242879,4/2/2016,0,0,0,0,0,0,0,0,0,0,0,1440
8253242879,4/3/2016,0,0,0,0,0,0,0,0,0,0,0,1440
8253242879,4/4/2016,0,0,0,0,0,0,0,0,0,0,0,1440
8253242879,4/5/2016,0,0,0,0,0,0,0,0,0,0,0,1440
8253242879,4/6/2016,1931,1.279999971,1.279999971,0,0,0,1.279999971,0,0,0,94,1346
8253242879,4/7/2016,5181,3.420000076,3.420000076,0,1,0.910000026,1.50999999,0.01,15,15,107,1303
8253242879,4/8/2016,12026,9.149999619,9.149999619,0,5.699999809,0.930000007,2.50999999,0,47,13,150,1230
8253242879,4/9/2016,5360,3.539999962,3.539999962,0,0.540000021,1.549999952,1.460000038,0,8,28,148,1256
8253242879,4/10/2016,2545,1.679999948,1.679999948,0,0,0,1.669999957,0.02,0,0,126,1314
8253242879,4/11/2016,1636,1.080000043,1.080000043,0,0,0,1.080000043,0,0,0,86,1139
8253242879,4/12/2016,0,0,0,0,0,0,0,0,0,0,0,1440
8378563200,4/1/2016,14179,11.23999977,11.23999977,0,6.230000019,1.059999943,3.960000038,0,73,21,195,719
8378563200,4/2/2016,3358,2.660000086,2.660000086,0,0,0,2.660000086,0,0,0,144,657
8378563200,4/3/2016,9152,7.260000229,7.260000229,0,1.99000001,0.819999993,4.449999809,0,25,13,243,600
8378563200,4/4/2016,13935,11.05000019,11.05000019,2.092147112,4.090000153,0.790000021,6.170000076,0,105,16,220,658
8378563200,4/5/2016,12846,10.18999958,10.18999958,2.253081083,5,0.75,4.440000057,0,113,15,189,686
