"Id","ActivityDate","TotalSteps","TotalDistance","TrackerDistance","LoggedActivitiesDistance","VeryActiveDistance","ModeratelyActiveDistance","LightActiveDistance","SedentaryActiveDistance","VeryActiveMinutes","FairlyActiveMinutes","LightlyActiveMinutes","SedentaryMinutes","Calories"
"1503960366","3/25/2016","11004.0","7.110000133514402","7.110000133514402","0.0","2.5699999332428","0.4600000083446501","4.07000017166138","0.0","33.0","12.0","205.0","804.0","1819.0"
"1503960366","3/26/2016","17609.0","11.5500001907349","11.5500001907349","0.0","6.92000007629395","0.730000019073486","3.91000008583069","0.0","89.0","17.0","274.0","588.0","2154.0"
"1503960366","3/27/2016","12736.0","8.52999973297119","8.52999973297119","0.0","4.65999984741211","0.159999996423721","3.7100000381469695","0.0","56.0","5.0","268.0","605.0","1944.0"
"1503960366","3/28/2016","13231.0","8.93000030517578","8.93000030517578","0.0","3.1900000572204603","0.790000021457672","4.9499998092651385","0.0","39.0","20.0","224.0","1080.0","1932.0"
"1503960366","3/29/2016","12041.0","7.849999904632571","7.849999904632571","0.0","2.16000008583069","1.0900000333786","4.6100001335144","0.0","28.0","28.0","243.0","763.0","1886.0"
"1503960366","3/30/2016","10970.0","7.15999984741211","7.15999984741211","0.0","2.35999989509583","0.509999990463257","4.28999996185303","0.0","30.0","13.0","223.0","1174.0","1820.0"
"1503960366","3/31/2016","12256.0","7.860000133514402","7.860000133514402","0.0","2.2899999618530296","0.490000009536743","5.03999996185303","0.0","33.0","12.0","239.0","820.0","1889.0"
"1503960366","4/1/2016","12262.0","7.869999885559079","7.869999885559079","0.0","3.3199999332428","0.8299999833106991","3.64000010490417","0.0","47.0","21.0","200.0","866.0","1868.0"
"1503960366","4/2/2016","11248.0","7.25","7.25","0.0","3.0","0.44999998807907104","3.74000000953674","0.0","40.0","11.0","244.0","636.0","1843.0"
"1503960366","4/3/2016","10016.0","6.369999885559079","6.369999885559079","0.0","0.910000026226044","1.27999997138977","4.17999982833862","0.0","15.0","30.0","314.0","655.0","1850.0"
"1503960366","4/4/2016","14557.0","9.80000019073486","9.80000019073486","0.0","3.39000010490417","0.699999988079071","5.69000005722046","0.0","43.0","18.0","285.0","757.0","2030.0"
"1503960366","4/5/2016","14844.0","9.72999954223633","9.72999954223633","0.0","2.9400000572204603","0.7599999904632572","6.03999996185303","0.0","36.0","18.0","341.0","736.0","2083.0"
"1503960366","4/6/2016","11974.0","7.67000007629395","7.67000007629395","0.0","2.03999996185303","0.479999989271164","5.15000009536743","0.0","27.0","12.0","228.0","1173.0","1861.0"
"1503960366","4/7/2016","10198.0","6.44000005722046","6.44000005722046","0.0","1.20000004768372","0.790000021457672","4.4499998092651385","0.0","17.0","20.0","195.0","1208.0","1755.0"
"1503960366","4/8/2016","12521.0","7.94000005722046","7.94000005722046","0.0","3.30999994277954","0.8999999761581421","3.74000000953674","0.0","46.0","22.0","212.0","1160.0","1895.0"
"1503960366","4/9/2016","12432.0","8.10000038146973","8.10000038146973","0.0","2.58999991416931","0.5899999737739561","4.92000007629395","0.0","32.0","15.0","248.0","738.0","1883.0"
"1503960366","4/10/2016","10057.0","6.98000001907349","6.98000001907349","0.0","4.0","0.490000009536743","2.4800000190734903","0.0","44.0","13.0","168.0","737.0","1755.0"
"1503960366","4/11/2016","10990.0","7.260000228881839","7.260000228881839","0.0","2.03999996185303","0.569999992847443","4.65000009536743","0.0","26.0","14.0","216.0","855.0","1811.0"
"1503960366","4/12/2016","224.0","0.14000000059604598","0.14000000059604598","0.0","0.0","0.0","0.129999995231628","0.0","0.0","0.0","9.0","32.0","50.0"
"1624580081","3/25/2016","1810.0","1.17999994754791","1.17999994754791","0.0","0.0","0.0","1.12999999523163","0.00999999977648258","0.0","0.0","121.0","1319.0","1373.0"
"1624580081","3/26/2016","815.0","0.5299999713897711","0.5299999713897711","0.0","0.0","0.0","0.5299999713897711","0.0","0.0","0.0","47.0","1393.0","1264.0"
"1624580081","3/27/2016","1985.0","1.28999996185303","1.28999996185303","0.0","0.0","0.0","1.27999997138977","0.00999999977648258","0.0","0.0","112.0","1328.0","1350.0"
"1624580081","3/28/2016","1905.0","1.24000000953674","1.24000000953674","0.0","0.0","0.0","1.24000000953674","0.0","0.0","0.0","95.0","1345.0","1342.0"
"1624580081","3/29/2016","1552.0","1.00999999046326","1.00999999046326","0.0","0.0","0.0","1.0","0.0","0.0","0.0","66.0","1374.0","1300.0"
"1624580081","3/30/2016","1675.0","1.0900000333786","1.0900000333786","0.0","0.0","0.0","1.0900000333786","0.0","0.0","0.0","84.0","1356.0","1313.0"
"1624580081","3/31/2016","4506.0","2.9300000667572004","2.9300000667572004","0.0","0.509999990463257","0.270000010728836","2.15000009536743","0.00999999977648258","7.0","4.0","144.0","1285.0","1498.0"
"1624580081","4/1/2016","9218.0","5.9899997711181605","5.9899997711181605","0.0","0.0","0.0","5.96999979019165","0.00999999977648258","0.0","0.0","221.0","1219.0","1541.0"
"1624580081","4/2/2016","1556.0","1.00999999046326","1.00999999046326","0.0","0.0","0.0","1.00999999046326","0.00999999977648258","0.0","0.0","88.0","1352.0","1327.0"
"1624580081","4/3/2016","2910.0","1.88999998569489","1.88999998569489","0.0","0.0","0.0","1.87999999523163","0.00999999977648258","0.0","0.0","157.0","1283.0","1452.0"
"1624580081","4/4/2016","18464.0","12.0","12.0","0.0","0.0","0.0","12.0","0.0","0.0","0.0","270.0","1170.0","1574.0"
"1624580081","4/5/2016","1335.0","0.870000004768372","0.870000004768372","0.0","0.0","0.0","0.870000004768372","0.0","0.0","0.0","74.0","1366.0","1308.0"
"1624580081","4/6/2016","1004.0","0.6499999761581421","0.6499999761581421","0.0","0.0","0.0","0.6499999761581421","0.0","0.0","0.0","55.0","1385.0","1276.0"
"1624580081","4/7/2016","1111.0","0.720000028610229","0.720000028610229","0.0","0.0","0.0","0.720000028610229","0.0","0.0","0.0","54.0","1386.0","1278.0"
"1624580081","4/8/2016","6344.0","4.11999988555908","4.11999988555908","0.0","0.0","0.0","4.099999904632569","0.0","0.0","0.0","143.0","1297.0","1409.0"
"1624580081","4/9/2016","3572.0","2.3199999332428","2.3199999332428","0.0","0.0","0.0","2.2899999618530296","0.0299999993294477","0.0","0.0","122.0","1318.0","1370.0"
"1624580081","4/10/2016","3910.0","2.5399999618530296","2.5399999618530296","0.0","0.4699999988079071","0.25","1.80999994277954","0.00999999977648258","7.0","7.0","186.0","1240.0","1555.0"
"1624580081","4/11/2016","10000.0","6.5","6.5","0.0","0.0","0.0","6.5","0.0","0.0","0.0","172.0","1268.0","1469.0"
"1624580081","4/12/2016","6627.0","4.30999994277954","4.30999994277954","0.0","0.0","0.0","4.30999994277954","0.0","0.0","0.0","89.0","604.0","706.0"
"1644430081","4/1/2016","4636.0","3.41000008583069","3.41000008583069","0.0","0.0","0.779999971389771","2.5999999046325697","0.0299999993294477","0.0","16.0","586.0","838.0","3323.0"
"1644430081","4/2/2016","20237.0","14.710000038147","14.710000038147","0.0","2.5699999332428","6.400000095367429","5.73000001907349","0.00999999977648258","34.0","141.0","347.0","918.0","4029.0"
"1644430081","4/3/2016","12912.0","9.40999984741211","9.40999984741211","0.0","4.82999992370605","0.769999980926514","3.7899999618530296","0.0299999993294477","59.0","16.0","283.0","1082.0","3436.0"
"1644430081","4/4/2016","2819.0","2.04999995231628","2.04999995231628","0.0","0.3100000023841861","0.170000001788139","1.55999994277954","0.00999999977648258","4.0","4.0","87.0","1345.0","2444.0"
"1644430081","4/5/2016","9921.0","7.21000003814697","7.21000003814697","0.0","0.34000000357627896","1.51999998092651","5.3600001335144","0.0","5.0","35.0","219.0","1181.0","3098.0"
"1644430081","4/6/2016","8046.0","5.849999904632571","5.849999904632571","0.0","1.28999996185303","2.11999988555908","2.4500000476837203","0.0","18.0","41.0","137.0","1244.0","2925.0"
"1644430081","4/7/2016","11166.0","8.11999988555908","8.11999988555908","0.0","0.209999993443489","2.41000008583069","5.5","0.0","3.0","58.0","230.0","1149.0","3202.0"
"1644430081","4/8/2016","7842.0","5.699999809265139","5.699999809265139","0.0","0.479999989271164","2.41000008583069","2.80999994277954","0.0","7.0","43.0","161.0","1229.0","2928.0"
"1644430081","4/9/2016","13840.0","10.0600004196167","10.0600004196167","0.0","1.30999994277954","3.72000002861023","5.03000020980835","0.0","18.0","81.0","192.0","1149.0","3290.0"
"1644430081","4/10/2016","1329.0","0.970000028610229","0.970000028610229","0.0","0.0","0.0","0.970000028610229","0.0","0.0","0.0","35.0","207.0","489.0"
"1844505072","4/1/2016","6847.0","4.53000020980835","4.53000020980835","0.0","0.610000014305115","0.370000004768372","3.54999995231628","0.0","9.0","9.0","251.0","1171.0","1969.0"
"1844505072","4/2/2016","5367.0","3.54999995231628","3.54999995231628","0.0","0.0","0.0","3.54999995231628","0.0","0.0","0.0","263.0","1177.0","1889.0"
"1844505072","4/3/2016","2841.0","1.87999999523163","1.87999999523163","0.0","0.0","0.0","1.87999999523163","0.0","0.0","0.0","136.0","1114.0","1636.0"
"1844505072","4/4/2016","0.0","0.0","0.0","0.0","0.0","0.0","0.0","0.0","0.0","0.0","0.0","669.0","1347.0"
"1844505072","4/5/2016","0.0","0.0","0.0","0.0","0.0","0.0","0.0","0.0","0.0","0.0","0.0","1440.0","1347.0"
"1844505072","4/6/2016","7.0","0.0","0.0","0.0","0.0","0.0","0.0","0.0","0.0","0.0","1.0","1439.0","1349.0"
"1844505072","4/7/2016","6344.0","4.19000005722046","4.19000005722046","0.0","0.0","0.0","4.19000005722046","0.0","0.0","0.0","290.0","1150.0","1965.0"
"1844505072","4/8/2016","5316.0","3.50999999046326","3.50999999046326","0.0","0.0","0.0","3.50999999046326","0.0","0.0","0.0","221.0","1219.0","1824.0"
"1844505072","4/9/2016","4979.0","3.2899999618530296","3.2899999618530296","0.0","0.0","0.0","3.2899999618530296","0.0","0.0","0.0","184.0","620.0","1807.0"
"1844505072","4/10/2016","6556.0","4.34000015258789","4.34000015258789","0.0","0.0","0.0","4.32999992370605","0.0","0.0","0.0","305.0","810.0","1971.0"
"1844505072","4/11/2016","5430.0","3.58999991416931","3.58999991416931","0.0","0.0","0.0","3.58999991416931","0.0","0.0","0.0","251.0","1189.0","1888.0"
"1844505072","4/12/2016","0.0","0.0","0.0","0.0","0.0","0.0","0.0","0.0","0.0","0.0","0.0","426.0","399.0"
"1927972279","4/1/2016","4317.0","2.99000000953674","2.99000000953674","0.0","0.0","0.370000004768372","2.61999988555908","0.0","0.0","11.0","192.0","854.0","2590.0"
"1927972279","4/2/2016","5662.0","3.92000007629395","3.92000007629395","0.0","0.0","0.0","3.92000007629395","0.0","0.0","0.0","267.0","858.0","2783.0"
"1927972279","4/3/2016","3198.0","2.2100000381469704","2.2100000381469704","0.0","0.0","0.0","2.2100000381469704","0.0","0.0","0.0","146.0","1183.0","2449.0"
"1927972279","4/4/2016","2352.0","1.62999999523163","1.62999999523163","0.0","0.0","0.0","1.62999999523163","0.0","0.0","0.0","128.0","829.0","2380.0"
"1927972279","4/5/2016","2234.0","1.54999995231628","1.54999995231628","0.0","0.0","0.0","1.54999995231628","0.0","0.0","0.0","108.0","912.0","2344.0"
"1927972279","4/6/2016","1259.0","0.870000004768372","0.870000004768372","0.0","0.0","0.0","0.870000004768372","0.0","0.0","0.0","73.0","938.0","2202.0"
"1927972279","4/7/2016","768.0","0.5299999713897711","0.5299999713897711","0.0","0.0","0.0","0.5299999713897711","0.0","0.0","0.0","43.0","1397.0","2130.0"
"1927972279","4/8/2016","519.0","0.36000001430511497","0.36000001430511497","0.0","0.0","0.0","0.36000001430511497","0.0","0.0","0.0","34.0","1406.0","2088.0"
"1927972279","4/9/2016","2523.0","1.75","1.75","0.0","0.0","0.370000004768372","1.37999999523163","0.0","0.0","9.0","134.0","1250.0","2443.0"
"1927972279","4/10/2016","2105.0","1.46000003814697","1.46000003814697","0.0","0.0","0.0","1.46000003814697","0.0","0.0","0.0","139.0","805.0","2442.0"
"1927972279","4/11/2016","1209.0","0.839999973773956","0.839999973773956","0.0","0.0","0.0","0.839999973773956","0.0","0.0","0.0","73.0","842.0","2255.0"
"1927972279","4/12/2016","24.0","0.0199999995529652","0.0199999995529652","0.0","0.0","0.0","0.0199999995529652","0.0","0.0","0.0","3.0","161.0","942.0"
"2022484408","4/1/2016","13603.0","9.60000038146973","9.60000038146973","0.0","5.46000003814697","0.6299999952316279","3.50999999046326","0.0","72.0","16.0","213.0","1139.0","2645.0"
"2022484408","4/2/2016","5477.0","3.83999991416931","3.83999991416931","0.0","0.0","0.0","3.83999991416931","0.0","0.0","0.0","237.0","1203.0","2040.0"
"2022484408","4/3/2016","11144.0","7.82000017166138","7.82000017166138","0.0","1.78999996185303","0.8899999856948849","5.1399998664856","0.0","25.0","22.0","279.0","1114.0","2395.0"
"2022484408","4/4/2016","15313.0","11.0","11.0","0.0","5.019999980926509","1.28999996185303","4.69000005722046","0.0","62.0","19.0","233.0","1126.0","2581.0"
"2022484408","4/5/2016","10805.0","7.59000015258789","7.59000015258789","0.0","0.720000028610229","0.980000019073486","5.889999866485598","0.0","36.0","37.0","298.0","1069.0","2735.0"
"2022484408","4/6/2016","15392.0","10.9300003051758","10.9300003051758","0.0","3.4300000667572004","1.75","5.75","0.0","47.0","42.0","258.0","1093.0","2733.0"
"2022484408","4/7/2016","18247.0","13.8299999237061","13.8299999237061","0.0","7.110000133514402","2.2100000381469704","4.51000022888184","0.0","72.0","62.0","252.0","1054.0","3021.0"
"2022484408","4/8/2016","13023.0","9.26000022888184","9.26000022888184","0.0","3.2300000190734903","0.560000002384186","5.46999979019165","0.0","40.0","12.0","296.0","1092.0","2577.0"
"2022484408","4/9/2016","16267.0","12.5900001525879","12.5900001525879","0.0","5.75","0.4699999988079071","6.369999885559079","0.0","44.0","16.0","302.0","1078.0","2811.0"
"2022484408","4/10/2016","10005.0","7.01999998092651","7.01999998092651","0.0","0.0799999982118607","1.04999995231628","5.900000095367429","0.0","1.0","23.0","339.0","1077.0","2458.0"
"2022484408","4/11/2016","10106.0","7.09000015258789","7.09000015258789","0.0","1.21000003814697","0.560000002384186","5.32999992370605","0.0","41.0","16.0","272.0","1111.0","2568.0"
"2022484408","4/12/2016","6717.0","4.71999979019165","4.71999979019165","0.0","3.2300000190734903","0.219999998807907","1.26999998092651","0.0","41.0","5.0","67.0","551.0","1140.0"
"2026352035","4/1/2016","2605.0","1.62000000476837","1.62000000476837","0.0","0.0","0.0","1.62000000476837","0.0","0.0","0.0","166.0","729.0","1407.0"
"2026352035","4/2/2016","1229.0","0.7599999904632572","0.7599999904632572","0.0","0.0","0.0","0.7599999904632572","0.0","0.0","0.0","69.0","795.0","1237.0"
"2026352035","4/3/2016","2308.0","1.42999994754791","1.42999994754791","0.0","0.0","0.0","1.42999994754791","0.0","0.0","0.0","115.0","720.0","1330.0"
"2026352035","4/4/2016","6679.0","4.1399998664856","4.1399998664856","0.0","0.0","0.0","4.1399998664856","0.0","0.0","0.0","263.0","644.0","1583.0"
"2026352035","4/5/2016","5645.0","3.5","3.5","0.0","0.0","0.0","3.5","0.0","0.0","0.0","248.0","621.0","1538.0"
"2026352035","4/6/2016","3180.0","1.9700000286102304","1.9700000286102304","0.0","0.0","0.0","1.9700000286102304","0.0","0.0","0.0","185.0","738.0","1421.0"
"2026352035","4/7/2016","2767.0","1.7200000286102302","1.7200000286102302","0.0","0.0","0.0","1.7200000286102302","0.0","0.0","0.0","170.0","673.0","1392.0"
"2026352035","4/8/2016","3762.0","2.32999992370605","2.32999992370605","0.0","0.0","0.0","2.32999992370605","0.0","0.0","0.0","173.0","719.0","1425.0"
"2026352035","4/9/2016","3098.0","1.91999995708466","1.91999995708466","0.0","0.0","0.0","1.91999995708466","0.0","0.0","0.0","185.0","700.0","1413.0"
"2026352035","4/10/2016","5142.0","3.1900000572204603","3.1900000572204603","0.0","0.0","0.0","3.1900000572204603","0.0","0.0","0.0","230.0","654.0","1515.0"
"2026352035","4/11/2016","3279.0","2.02999997138977","2.02999997138977","0.0","0.0","0.0","2.02999997138977","0.0","0.0","0.0","164.0","694.0","1405.0"
"2026352035","4/12/2016","1019.0","0.6299999952316279","0.6299999952316279","0.0","0.0","0.0","0.6299999952316279","0.0","0.0","0.0","64.0","223.0","600.0"
"2320127002","4/1/2016","0.0","0.0","0.0","0.0","0.0","0.0","0.0","0.0","0.0","0.0","0.0","1440.0","1324.0"
"2320127002","4/2/2016","0.0","0.0","0.0","0.0","0.0","0.0","0.0","0.0","0.0","0.0","0.0","1440.0","1324.0"
"2320127002","4/3/2016","0.0","0.0","0.0","0.0","0.0","0.0","0.0","0.0","0.0","0.0","0.0","1440.0","1324.0"
"2320127002","4/4/2016","0.0","0.0","0.0","0.0","0.0","0.0","0.0","0.0","0.0","0.0","0.0","1440.0","1324.0"
"2320127002","4/5/2016","4931.0","3.3199999332428","3.3199999332428","0.0","0.0","0.0","3.3199999332428","0.0","0.0","0.0","175.0","1265.0","1708.0"
"2320127002","4/6/2016","6999.0","4.71999979019165","4.71999979019165","0.0","0.0","0.0","4.71999979019165","0.0","0.0","0.0","320.0","1120.0","1950.0"
"2320127002","4/7/2016","1846.0","1.24000000953674","1.24000000953674","0.0","0.0","0.0","1.24000000953674","0.0","0.0","0.0","93.0","1347.0","1508.0"
"2320127002","4/8/2016","3417.0","2.29999995231628","2.29999995231628","0.0","0.0","0.0","2.29999995231628","0.0","0.0","0.0","153.0","1287.0","1625.0"
"2320127002","4/9/2016","4863.0","3.27999997138977","3.27999997138977","0.0","0.0599999986588955","0.419999986886978","2.79999995231628","0.0","1.0","11.0","208.0","1220.0","1772.0"
"2320127002","4/10/2016","2277.0","1.5299999713897698","1.5299999713897698","0.0","0.0","0.0","1.5299999713897698","0.0","0.0","0.0","103.0","1337.0","1530.0"
"2320127002","4/11/2016","11230.0","7.67000007629395","7.67000007629395","0.0","0.8899999856948849","0.119999997317791","6.65999984741211","0.0","10.0","2.0","390.0","1038.0","2206.0"
"2320127002","4/12/2016","2098.0","1.4099999666213998","1.4099999666213998","0.0","0.0","0.0","1.4099999666213998","0.0","0.0","0.0","69.0","617.0","790.0"
"2347167796","3/29/2016","10272.0","6.78999996185303","6.78999996185303","0.0","0.159999996423721","3.1199998855590803","3.5","0.0","2.0","58.0","208.0","700.0","2041.0"
"2347167796","3/30/2016","10533.0","7.099999904632571","7.099999904632571","0.0","1.76999998092651","2.05999994277954","3.2699999809265097","0.0","21.0","35.0","255.0","615.0","2187.0"
"2347167796","3/31/2016","6760.0","4.46999979019165","4.46999979019165","0.0","0.0","0.0","4.46999979019165","0.0","0.0","0.0","250.0","613.0","1929.0"
"2347167796","4/1/2016","8328.0","5.51000022888184","5.51000022888184","0.0","0.0","2.0","3.5","0.0","0.0","33.0","212.0","804.0","1935.0"
"2347167796","4/2/2016","15459.0","10.2200002670288","10.2200002670288","0.0","3.58999991416931","0.8100000023841859","5.82000017166138","0.0","51.0","16.0","327.0","583.0","2438.0"
"2347167796","4/3/2016","7485.0","4.9499998092651385","4.9499998092651385","0.0","0.0","0.0","4.9499998092651385","0.0","0.0","0.0","324.0","491.0","2035.0"
"2347167796","4/4/2016","10254.0","6.800000190734861","6.800000190734861","0.0","1.41999995708466","1.23000001907349","4.15999984741211","0.0","21.0","25.0","231.0","638.0","2099.0"
"2347167796","4/5/2016","10114.0","6.82000017166138","6.82000017166138","0.0","1.63999998569489","0.479999989271164","4.67999982833862","0.0","18.0","9.0","269.0","696.0","2096.0"
"2347167796","4/6/2016","11107.0","7.34000015258789","7.34000015258789","0.0","0.8999999761581421","2.75999999046326","3.6800000667572","0.0","14.0","46.0","196.0","759.0","2058.0"
"2347167796","4/7/2016","10320.0","6.849999904632571","6.849999904632571","0.0","0.680000007152557","1.23000001907349","4.94000005722046","0.0","15.0","32.0","315.0","1002.0","2338.0"
"2347167796","4/8/2016","10209.0","6.75","6.75","0.0","0.159999996423721","0.349999994039536","6.23000001907349","0.0","2.0","6.0","316.0","711.0","2104.0"
"2347167796","4/9/2016","16081.0","10.6300001144409","10.6300001144409","0.0","1.25","1.82000005245209","7.55999994277954","0.0","16.0","32.0","401.0","970.0","2488.0"
"2347167796","4/10/2016","10078.0","6.82999992370605","6.82999992370605","0.0","1.01999998092651","0.119999997317791","5.69000005722046","0.0","12.0","3.0","303.0","463.0","2164.0"
"2347167796","4/11/2016","10001.0","6.610000133514402","6.610000133514402","0.0","0.330000013113022","2.9300000667572004","3.35999989509583","0.0","5.0","52.0","196.0","788.0","2009.0"
"2347167796","4/12/2016","0.0","0.0","0.0","0.0","0.0","0.0","0.0","0.0","0.0","0.0","0.0","425.0","399.0"
"2873212765","4/1/2016","890.0","0.6000000238418579","0.6000000238418579","0.0","0.0","0.0","0.6000000238418579","0.0","0.0","0.0","41.0","1399.0","1335.0"
"2873212765","4/2/2016","2214.0","1.4900000095367398","1.4900000095367398","0.0","0.0","0.0","1.4900000095367398","0.0","0.0","0.0","197.0","1243.0","1559.0"
"2873212765","4/3/2016","7640.0","5.13000011444092","5.13000011444092","0.0","0.189999997615814","0.8000000119209291","4.150000095367431","0.0","3.0","15.0","315.0","1107.0","1845.0"
"2873212765","4/4/2016","9713.0","6.53000020980835","6.53000020980835","0.0","0.34000000357627896","0.8899999856948849","5.28999996185303","0.0","6.0","24.0","355.0","1055.0","2046.0"
"2873212765","4/5/2016","8432.0","5.67000007629395","5.67000007629395","0.0","0.0","0.0","5.650000095367429","0.00999999977648258","0.0","0.0","374.0","1066.0","1953.0"
"2873212765","4/6/2016","7350.0","4.94000005722046","4.94000005722046","0.0","0.0","0.0","4.94000005722046","0.0","0.0","0.0","382.0","1058.0","1910.0"
"2873212765","4/7/2016","9353.0","6.30999994277954","6.30999994277954","0.0","0.370000004768372","0.6899999976158139","5.23999977111816","0.0","5.0","17.0","363.0","1055.0","2035.0"
"2873212765","4/8/2016","7157.0","4.80999994277954","4.80999994277954","0.0","0.0","0.0","4.80999994277954","0.0","0.0","0.0","380.0","1060.0","1944.0"
"2873212765","4/9/2016","14103.0","9.5600004196167","9.5600004196167","0.0","3.0199999809265097","0.4099999964237209","6.139999866485598","0.00999999977648258","46.0","8.0","288.0","1098.0","2257.0"
"2873212765","4/10/2016","5290.0","3.54999995231628","3.54999995231628","0.0","0.0399999991059303","0.34000000357627896","3.17000007629395","0.0","1.0","8.0","251.0","1180.0","1724.0"
"2873212765","4/11/2016","7497.0","5.03999996185303","5.03999996185303","0.0","0.0","0.0","5.03999996185303","0.0","0.0","0.0","357.0","882.0","1741.0"
"2873212765","4/12/2016","0.0","0.0","0.0","0.0","0.0","0.0","0.0","0.0","0.0","0.0","0.0","1440.0","0.0"
"2891001357","3/29/2016","0.0","0.0","0.0","0.0","0.0","0.0","0.0","0.0","0.0","0.0","0.0","1440.0","1920.0"
"2891001357","3/30/2016","0.0","0.0","0.0","0.0","0.0","0.0","0.0","0.0","0.0","0.0","0.0","1440.0","1920.0"
"2891001357","3/31/2016","0.0","0.0","0.0","0.0","0.0","0.0","0.0","0.0","0.0","0.0","0.0","1440.0","1920.0"
"2891001357","4/1/2016","0.0","0.0","0.0","4.82803201675415","0.0","0.0","0.0","0.0","0.0","660.0","0.0","780.0","4562.0"
"2891001357","4/2/2016","4126.0","3.22000002861023","0.0","3.21868801116943","0.0","0.0","3.22000002861023","0.0","0.0","0.0","720.0","720.0","2881.0"
"2891001357","4/3/2016","0.0","0.0","0.0","0.0","0.0","0.0","0.0","0.0","0.0","0.0","0.0","1440.0","1920.0"
"2891001357","4/4/2016","0.0","0.0","0.0","0.0","0.0","0.0","0.0","0.0","0.0","0.0","0.0","1440.0","1920.0"
"2891001357","4/5/2016","2063.0","1.61000001430511","0.0","1.60934400558472","0.0","0.0","1.61000001430511","0.0","0.0","0.0","630.0","99.0","1144.0"
"3372868164","4/1/2016","5785.0","3.95000004768372","3.95000004768372","0.0","0.0","0.0","3.91000008583069","0.0399999991059303","0.0","0.0","311.0","1129.0","1852.0"
"3372868164","4/2/2016","7625.0","5.230000019073491","5.230000019073491","0.0","1.67999994754791","0.0399999991059303","3.5","0.00999999977648258","24.0","1.0","341.0","1074.0","2069.0"
"3372868164","4/3/2016","4706.0","3.2100000381469704","3.2100000381469704","0.0","0.0","0.0","3.2100000381469704","0.0","0.0","0.0","299.0","1141.0","1816.0"
"3372868164","4/4/2016","5861.0","4.019999980926509","4.019999980926509","0.0","1.29999995231628","0.219999998807907","2.49000000953674","0.00999999977648258","20.0","7.0","233.0","1180.0","1878.0"
"3372868164","4/5/2016","4460.0","3.0399999618530296","3.0399999618530296","0.0","0.0","0.0","3.0199999809265097","0.0299999993294477","0.0","0.0","248.0","1192.0","1787.0"
"3372868164","4/6/2016","6406.0","4.3899998664856","4.3899998664856","0.0","0.779999971389771","0.0900000035762787","3.5199999809265097","0.00999999977648258","17.0","4.0","325.0","1094.0","2010.0"
"3372868164","4/7/2016","7392.0","5.09999990463257","5.09999990463257","0.0","0.870000004768372","0.159999996423721","4.05000019073486","0.0199999995529652","14.0","9.0","332.0","1085.0","2038.0"
"3372868164","4/8/2016","5551.0","3.7899999618530296","3.7899999618530296","0.0","0.0","0.0","3.7699999809265097","0.00999999977648258","0.0","0.0","282.0","1158.0","1815.0"
"3372868164","4/9/2016","8827.0","6.25","6.25","0.0","1.76999998092651","0.479999989271164","4.0","0.00999999977648258","21.0","10.0","346.0","1063.0","2062.0"
"3372868164","4/10/2016","4662.0","3.1800000667572004","3.1800000667572004","0.0","1.03999996185303","0.150000005960464","1.99000000953674","0.0","22.0","4.0","152.0","735.0","1276.0"
"3977333714","4/1/2016","4499.0","3.00999999046326","3.00999999046326","0.0","0.0","0.0","3.00999999046326","0.0","0.0","0.0","168.0","842.0","1288.0"
"3977333714","4/2/2016","7618.0","5.09999990463257","5.09999990463257","0.0","0.0","0.180000007152557","4.90999984741211","0.0","0.0","6.0","302.0","842.0","1490.0"
"3977333714","4/3/2016","11508.0","7.699999809265139","7.699999809265139","0.0","2.17000007629395","0.839999973773956","4.69000005722046","0.0","29.0","22.0","282.0","748.0","1630.0"
"3977333714","4/4/2016","11943.0","7.98999977111816","7.98999977111816","0.0","1.02999997138977","2.00999999046326","4.9499998092651385","0.0","16.0","43.0","297.0","710.0","1648.0"
"3977333714","4/5/2016","12303.0","8.22999954223633","8.22999954223633","0.0","1.71000003814697","1.35000002384186","5.17000007629395","0.0","26.0","32.0","291.0","605.0","1649.0"
"3977333714","4/6/2016","15425.0","10.3199996948242","10.3199996948242","0.0","1.62000000476837","1.82000005245209","6.869999885559079","0.0","24.0","45.0","331.0","614.0","1783.0"
"3977333714","4/7/2016","8422.0","5.630000114440921","5.630000114440921","0.0","0.0","3.5999999046325697","2.03999996185303","0.0","0.0","81.0","139.0","815.0","1431.0"
"3977333714","4/8/2016","10226.0","6.84000015258789","6.84000015258789","0.0","0.0","4.44000005722046","2.4000000953674303","0.0","0.0","101.0","174.0","685.0","1524.0"
"3977333714","4/9/2016","14583.0","9.76000022888184","9.76000022888184","0.0","2.4800000190734903","1.7400000095367398","5.53000020980835","0.0","35.0","36.0","254.0","697.0","1697.0"
"3977333714","4/10/2016","3573.0","2.39000010490417","2.39000010490417","0.0","0.939999997615814","0.4099999964237209","0.970000028610229","0.0","15.0","8.0","99.0","866.0","1232.0"
"3977333714","4/11/2016","3108.0","2.14000010490417","2.14000010490417","0.0","0.0700000002980232","0.0399999991059303","1.96000003814697","0.0","1.0","1.0","129.0","894.0","1223.0"
"3977333714","4/12/2016","759.0","0.569999992847443","0.569999992847443","0.0","0.0","0.0","0.569999992847443","0.0","0.0","0.0","17.0","187.0","182.0"
"4020332650","3/12/2016","5543.0","3.97000002861023","3.97000002861023","0.0","0.0","0.0","3.9600000381469695","0.00999999977648258","0.0","0.0","254.0","757.0","2990.0"
"4020332650","3/13/2016","3226.0","2.30999994277954","2.30999994277954","0.0","0.0","0.0","2.27999997138977","0.0","0.0","0.0","136.0","771.0","2480.0"
"4020332650","3/14/2016","3023.0","2.17000007629395","2.17000007629395","0.0","0.0","0.0","2.14000010490417","0.0","0.0","0.0","145.0","1005.0","2570.0"
"4020332650","3/15/2016","5906.0","4.230000019073491","4.230000019073491","0.0","0.0","0.159999996423721","4.03999996185303","0.0","0.0","10.0","215.0","874.0","3016.0"
"4020332650","3/16/2016","12483.0","8.98999977111816","8.98999977111816","0.0","1.45000004768372","0.569999992847443","6.900000095367429","0.0","25.0","14.0","309.0","599.0","3830.0"
"4020332650","3/17/2016","8940.0","6.40999984741211","6.40999984741211","0.0","0.0","0.0","0.610000014305115","0.0399999991059303","0.0","0.0","47.0","986.0","3706.0"
"4020332650","3/18/2016","368.0","0.259999990463257","0.259999990463257","0.0","0.0","0.0","0.0","0.0","0.0","0.0","0.0","1440.0","2024.0"
"4020332650","3/19/2016","5702.0","4.09000015258789","4.09000015258789","0.0","0.0","0.0","0.0","0.0","0.0","0.0","0.0","1440.0","2980.0"
"4020332650","3/20/2016","10330.0","7.40999984741211","7.40999984741211","0.0","0.0","0.0","0.0","0.0","0.0","0.0","0.0","1440.0","3728.0"
"4020332650","3/21/2016","8778.0","6.28999996185303","6.28999996185303","0.0","0.0","0.0","0.0","0.0","0.0","0.0","0.0","1440.0","3348.0"
"4020332650","3/22/2016","6662.0","4.78000020980835","4.78000020980835","0.0","0.0","0.0","0.0","0.0","0.0","0.0","0.0","1440.0","3162.0"
"4020332650","3/23/2016","6309.0","4.519999980926509","4.519999980926509","0.0","0.0","0.0","0.0","0.0","0.0","0.0","0.0","1440.0","3140.0"
"4020332650","3/24/2016","1951.0","1.4099999666213998","1.4099999666213998","0.0","0.0","0.0","0.0","0.0","0.0","0.0","0.0","1440.0","1980.0"
"4020332650","3/25/2016","5563.0","3.99000000953674","3.99000000953674","0.0","0.0","0.0","0.0","0.0","0.0","0.0","0.0","1440.0","3681.0"
"4020332650","3/26/2016","4370.0","3.13000011444092","3.13000011444092","0.0","0.0","0.0","0.0","0.0","0.0","0.0","0.0","1440.0","3444.0"
"4020332650","3/27/2016","7144.0","5.11999988555908","5.11999988555908","0.0","0.0","0.0","0.0","0.0","0.0","0.0","0.0","1440.0","3510.0"
"4020332650","3/28/2016","2106.0","1.5099999904632602","1.5099999904632602","0.0","0.0199999995529652","0.0500000007450581","0.209999993443489","0.0","31.0","45.0","75.0","1289.0","4010.0"
"4020332650","3/29/2016","4152.0","2.9800000190734903","2.9800000190734903","0.0","0.0","0.0","2.9600000381469704","0.0","0.0","0.0","187.0","1253.0","2976.0"
"4020332650","3/30/2016","5400.0","3.86999988555908","3.86999988555908","0.0","0.0","0.0","3.8499999046325697","0.0","0.0","0.0","258.0","795.0","3418.0"
"4020332650","3/31/2016","7428.0","5.32999992370605","5.32999992370605","0.0","0.870000004768372","0.9200000166893008","3.50999999046326","0.0","18.0","33.0","261.0","860.0","3439.0"
"4020332650","4/1/2016","5351.0","3.83999991416931","3.83999991416931","0.0","0.6200000047683721","0.180000007152557","3.00999999046326","0.0","15.0","17.0","210.0","748.0","3338.0"
"4020332650","4/2/2016","4299.0","3.0999999046325697","3.0999999046325697","0.0","0.0900000035762787","0.209999993443489","2.74000000953674","0.0399999991059303","3.0","15.0","162.0","752.0","2892.0"
"4020332650","4/3/2016","6107.0","4.38000011444092","4.38000011444092","0.0","0.0","0.0","4.3600001335144","0.0","0.0","0.0","265.0","776.0","3313.0"
"4020332650","4/4/2016","6429.0","4.59999990463257","4.59999990463257","0.0","0.0","0.9499999880790708","3.6500000953674303","0.0","0.0","28.0","193.0","741.0","3118.0"
"4020332650","4/5/2016","6880.0","4.92999982833862","4.92999982833862","0.0","0.5","0.7599999904632572","3.6500000953674303","0.0","7.0","19.0","165.0","1249.0","2966.0"
"4020332650","4/6/2016","7476.0","5.3600001335144","5.3600001335144","0.0","0.0","0.0","5.30999994277954","0.0","0.0","0.0","263.0","920.0","3253.0"
"4020332650","4/7/2016","6581.0","4.71999979019165","4.71999979019165","0.0","0.0","0.28999999165535","4.3899998664856","0.0","0.0","8.0","241.0","1191.0","3032.0"
"4020332650","4/8/2016","10480.0","7.510000228881839","7.510000228881839","0.0","0.4099999964237209","1.4700000286102302","5.01000022888184","0.0399999991059303","6.0","37.0","272.0","1125.0","4034.0"
"4020332650","4/9/2016","7734.0","5.550000190734861","5.550000190734861","0.0","1.1599999666214","0.490000009536743","3.8199999332428","0.0599999986588955","20.0","12.0","223.0","1185.0","3264.0"
"4020332650","4/10/2016","5129.0","3.6800000667572","3.6800000667572","0.0","0.180000007152557","0.239999994635582","3.2100000381469704","0.00999999977648258","5.0","7.0","176.0","1178.0","2817.0"
"4020332650","4/11/2016","2993.0","2.15000009536743","2.15000009536743","0.0","0.0","0.0","2.08999991416931","0.0","0.0","0.0","114.0","888.0","2507.0"
"4020332650","4/12/2016","8.0","0.00999999977648258","0.00999999977648258","0.0","0.0","0.0","0.00999999977648258","0.0","0.0","0.0","1.0","321.0","446.0"
"4057192912","3/12/2016","0.0","0.0","0.0","0.0","0.0","0.0","0.0","0.0","0.0","0.0","0.0","1440.0","1777.0"
"4057192912","3/13/2016","0.0","0.0","0.0","0.0","0.0","0.0","0.0","0.0","0.0","0.0","0.0","1440.0","1777.0"
"4057192912","3/14/2016","8433.0","6.23000001907349","6.23000001907349","0.0","2.4500000476837203","0.330000013113022","3.4400000572204603","0.0","30.0","7.0","135.0","1268.0","2453.0"
"4057192912","3/15/2016","0.0","0.0","0.0","0.0","0.0","0.0","0.0","0.0","0.0","0.0","0.0","1440.0","1776.0"
"4057192912","3/16/2016","2139.0","1.55999994277954","1.55999994277954","0.0","0.0","1.29999995231628","0.259999990463257","0.0","0.0","28.0","15.0","1397.0","1935.0"
"4057192912","3/17/2016","0.0","0.0","0.0","0.0","0.0","0.0","0.0","0.0","0.0","0.0","0.0","1440.0","1776.0"
"4057192912","3/18/2016","949.0","0.6899999976158139","0.6899999976158139","0.0","0.0","0.0","0.6899999976158139","0.0","0.0","0.0","34.0","1406.0","1870.0"
"4057192912","3/19/2016","0.0","0.0","0.0","0.0","0.0","0.0","0.0","0.0","0.0","0.0","0.0","1440.0","1777.0"
"4057192912","3/20/2016","44.0","0.0299999993294477","0.0299999993294477","0.0","0.0","0.0","0.0299999993294477","0.0","0.0","0.0","2.0","1438.0","1782.0"
"4057192912","3/21/2016","2660.0","1.94000005722046","1.94000005722046","0.0","0.0","0.0","1.94000005722046","0.0","0.0","0.0","46.0","1394.0","1978.0"
"4057192912","3/22/2016","5561.0","4.19000005722046","4.19000005722046","0.0","0.0","0.0","4.07000017166138","0.0","0.0","0.0","169.0","1271.0","2296.0"
"4057192912","3/23/2016","7239.0","5.34000015258789","5.34000015258789","0.0","0.550000011920929","0.36000001430511497","4.38000011444092","0.0","7.0","7.0","190.0","1236.0","2484.0"
"4057192912","3/24/2016","7.0","0.00999999977648258","0.00999999977648258","0.0","0.0","0.0","0.00999999977648258","0.0","0.0","0.0","1.0","1439.0","1787.0"
"4057192912","3/25/2016","0.0","0.0","0.0","0.0","0.0","0.0","0.0","0.0","0.0","0.0","0.0","1440.0","1776.0"
"4057192912","3/26/2016","0.0","0.0","0.0","0.0","0.0","0.0","0.0","0.0","0.0","0.0","0.0","1440.0","1776.0"
"4057192912","3/27/2016","2275.0","1.67999994754791","1.67999994754791","0.0","0.0","0.0","1.6599999666213998","0.0","0.0","0.0","86.0","1354.0","2005.0"
"4057192912","3/28/2016","8.0","0.00999999977648258","0.00999999977648258","0.0","0.0","0.0","0.00999999977648258","0.0","0.0","0.0","1.0","1439.0","1778.0"
"4057192912","3/29/2016","5137.0","3.75999999046326","3.75999999046326","0.0","0.0","0.0","3.75999999046326","0.0","0.0","0.0","160.0","1280.0","2293.0"
"4057192912","3/30/2016","5419.0","4.0","4.57000017166138","0.055842999368906","0.0","0.0","3.91000008583069","0.0599999986588955","0.0","0.0","145.0","1295.0","2259.0"
"4057192912","3/31/2016","0.0","0.0","0.0","0.0","0.0","0.0","0.0","0.0","0.0","0.0","0.0","1440.0","1776.0"
"4057192912","4/1/2016","0.0","0.0","0.0","0.0","0.0","0.0","0.0","0.0","0.0","0.0","0.0","1440.0","1776.0"
"4057192912","4/2/2016","0.0","0.0","0.0","0.0","0.0","0.0","0.0","0.0","0.0","0.0","0.0","1440.0","1776.0"
"4057192912","4/3/2016","0.0","0.0","0.0","0.0","0.0","0.0","0.0","0.0","0.0","0.0","0.0","1440.0","1776.0"
"4057192912","4/4/2016","0.0","0.0","0.0","0.0","0.0","0.0","0.0","0.0","0.0","0.0","0.0","1440.0","1776.0"
"4057192912","4/5/2016","0.0","0.0","0.0","0.0","0.0","0.0","0.0","0.0","0.0","0.0","0.0","1440.0","1776.0"
"4057192912","4/6/2016","18.0","0.00999999977648258","0.00999999977648258","0.0","0.0","0.0","0.00999999977648258","0.0","0.0","0.0","2.0","1438.0","1780.0"
"4057192912","4/7/2016","4.0","0.0","0.0","0.0","0.0","0.0","0.0","0.0","0.0","0.0","1.0","1439.0","1778.0"
"4057192912","4/8/2016","8426.0","6.15999984741211","6.15999984741211","0.0","0.129999995231628","5.4899997711181605","0.540000021457672","0.0","2.0","120.0","25.0","1293.0","2360.0"
"4057192912","4/9/2016","1650.0","1.21000003814697","1.21000003814697","0.0","0.0","0.0","1.21000003814697","0.0","0.0","0.0","60.0","1380.0","1952.0"
"4057192912","4/10/2016","3434.0","2.50999999046326","2.50999999046326","0.0","0.0700000002980232","0.30000001192092896","2.14000010490417","0.0","1.0","7.0","108.0","1324.0","2101.0"
"4057192912","4/11/2016","6801.0","4.980000019073491","4.980000019073491","0.0","0.0","0.0","4.96999979019165","0.0","0.0","0.0","193.0","1247.0","2393.0"
"4057192912","4/12/2016","187.0","0.14000000059604598","0.14000000059604598","0.0","0.0","0.0","0.14000000059604598","0.0","0.0","0.0","11.0","400.0","538.0"
"4319703577","3/29/2016","5643.0","3.7899999618530296","3.7899999618530296","0.0","0.23000000417232505","0.330000013113022","3.2300000190734903","0.0","3.0","8.0","199.0","683.0","1958.0"
"4319703577","3/30/2016","9043.0","6.07000017166138","6.07000017166138","0.0","0.25","0.430000007152557","5.369999885559079","0.0","4.0","12.0","244.0","702.0","2141.0"
"4319703577","3/31/2016","8144.0","5.46000003814697","5.46000003814697","0.0","0.25","0.610000014305115","4.6100001335144","0.0","4.0","17.0","247.0","1125.0","2129.0"
"4319703577","4/1/2016","9343.0","6.26999998092651","6.26999998092651","0.0","0.959999978542328","0.8500000238418579","4.46000003814697","0.0","14.0","20.0","268.0","654.0","2216.0"
"4319703577","4/2/2016","8405.0","5.65999984741211","5.65999984741211","0.0","1.12999999523163","0.189999997615814","4.34000015258789","0.0","15.0","4.0","257.0","621.0","2154.0"
"4319703577","4/3/2016","8223.0","5.51999998092651","5.51999998092651","0.0","0.8000000119209291","1.5099999904632602","3.2100000381469704","0.0","12.0","37.0","257.0","551.0","2178.0"
"4319703577","4/4/2016","10067.0","6.76000022888184","6.76000022888184","0.0","0.36000001430511497","1.41999995708466","4.96999979019165","0.0","5.0","39.0","313.0","578.0","2308.0"
"4319703577","4/5/2016","8359.0","5.630000114440921","5.630000114440921","0.0","0.23000000417232505","0.5299999713897711","4.86999988555908","0.0","3.0","14.0","311.0","638.0","2201.0"
"4319703577","4/6/2016","10946.0","7.349999904632571","7.349999904632571","0.0","0.540000021457672","2.08999991416931","4.71999979019165","0.0","8.0","51.0","308.0","569.0","2341.0"
"4319703577","4/7/2016","9130.0","6.150000095367429","6.150000095367429","0.0","0.5","0.379999995231628","5.269999980926509","0.0","7.0","11.0","304.0","668.0","2236.0"
"4319703577","4/8/2016","6544.0","4.40999984741211","4.40999984741211","0.0","0.28999999165535","0.259999990463257","3.85999989509583","0.0","4.0","6.0","276.0","1132.0","2069.0"
"4319703577","4/9/2016","0.0","0.0","0.0","0.0","0.0","0.0","0.0","0.0","0.0","0.0","0.0","1440.0","0.0"
"4388161847","3/29/2016","0.0","0.0","0.0","0.0","0.0","0.0","0.0","0.0","0.0","0.0","0.0","1440.0","1878.0"
"4388161847","3/30/2016","0.0","0.0","0.0","0.0","0.0","0.0","0.0","0.0","0.0","0.0","0.0","1440.0","1878.0"
"4388161847","3/31/2016","0.0","0.0","0.0","0.0","0.0","0.0","0.0","0.0","0.0","0.0","0.0","1440.0","1878.0"
"4388161847","4/1/2016","0.0","0.0","0.0","0.0","0.0","0.0","0.0","0.0","0.0","0.0","0.0","1440.0","1878.0"
"4388161847","4/2/2016","0.0","0.0","0.0","0.0","0.0","0.0","0.0","0.0","0.0","0.0","0.0","1440.0","1878.0"
"4388161847","4/3/2016","0.0","0.0","0.0","0.0","0.0","0.0","0.0","0.0","0.0","0.0","0.0","1440.0","1878.0"
"4388161847","4/4/2016","0.0","0.0","0.0","0.0","0.0","0.0","0.0","0.0","0.0","0.0","0.0","1440.0","1878.0"
"4388161847","4/5/2016","0.0","0.0","0.0","0.0","0.0","0.0","0.0","0.0","0.0","0.0","0.0","994.0","1296.0"
"4445114986","3/29/2016","2303.0","1.54999995231628","1.54999995231628","0.0","0.0","0.0","1.54999995231628","0.0","0.0","0.0","155.0","807.0","2010.0"
"4445114986","3/30/2016","2600.0","1.7400000095367398","1.7400000095367398","0.0","0.0","0.0","1.7400000095367398","0.0","0.0","0.0","163.0","1277.0","2032.0"
"4445114986","3/31/2016","4804.0","3.22000002861023","3.22000002861023","0.0","0.0","0.0","3.22000002861023","0.0","0.0","0.0","238.0","786.0","2227.0"
"4445114986","4/1/2016","3271.0","2.19000005722046","2.19000005722046","0.0","0.0","0.0","2.19000005722046","0.0","0.0","0.0","205.0","898.0","2133.0"
"4445114986","4/2/2016","5406.0","3.63000011444092","3.63000011444092","0.0","0.0","0.0","3.60999989509583","0.0","0.0","0.0","273.0","672.0","2317.0"
"4445114986","4/3/2016","3146.0","2.10999989509583","2.10999989509583","0.0","0.0","0.0","2.10999989509583","0.0","0.0","0.0","171.0","1269.0","2058.0"
"4445114986","4/4/2016","2422.0","1.62999999523163","1.62999999523163","0.0","0.0","0.0","1.62999999523163","0.0","0.0","0.0","110.0","1330.0","1935.0"
"4445114986","4/5/2016","4239.0","2.83999991416931","2.83999991416931","0.0","0.0599999986588955","0.239999994635582","2.52999997138977","0.0","1.0","6.0","235.0","702.0","2217.0"
"4445114986","4/6/2016","6911.0","4.78000020980835","4.78000020980835","0.0","2.3199999332428","0.100000001490116","2.35999989509583","0.0","28.0","2.0","215.0","745.0","2374.0"
"4445114986","4/7/2016","6667.0","4.6100001335144","4.6100001335144","0.0","2.01999998092651","0.0500000007450581","2.54999995231628","0.0","24.0","1.0","208.0","939.0","2335.0"
"4445114986","4/8/2016","5543.0","3.72000002861023","3.72000002861023","0.0","0.0","0.0","3.72000002861023","0.0","0.0","0.0","266.0","941.0","2303.0"
"4445114986","4/9/2016","4195.0","2.80999994277954","2.80999994277954","0.0","0.0","0.0","2.80999994277954","0.0","0.0","0.0","239.0","758.0","2210.0"
"4445114986","4/10/2016","6625.0","4.4499998092651385","4.4499998092651385","0.0","0.0","0.0","4.4499998092651385","0.0","0.0","0.0","316.0","755.0","2424.0"
"4445114986","4/11/2016","5986.0","4.13000011444092","4.13000011444092","0.0","1.95000004768372","0.23000000417232505","1.95000004768372","0.0","23.0","5.0","195.0","789.0","2297.0"
"4445114986","4/12/2016","278.0","0.189999997615814","0.189999997615814","0.0","0.0","0.0","0.189999997615814","0.0","0.0","0.0","20.0","253.0","745.0"
"4558609924","4/1/2016","5336.0","3.52999997138977","3.52999997138977","0.0","0.0","0.0","3.52999997138977","0.0","0.0","0.0","258.0","1182.0","1902.0"
"4558609924","4/2/2016","3183.0","2.09999990463257","2.09999990463257","0.0","0.0","0.0","2.09999990463257","0.0","0.0","0.0","173.0","1180.0","1680.0"
"4558609924","4/3/2016","6176.0","4.07999992370605","4.07999992370605","0.0","0.0700000002980232","0.259999990463257","3.75","0.0","1.0","7.0","269.0","886.0","1901.0"
"4558609924","4/4/2016","8205.0","5.42000007629395","5.42000007629395","0.0","0.0","0.0","5.42000007629395","0.0","0.0","0.0","367.0","1073.0","2078.0"
"4558609924","4/5/2016","6799.0","4.48999977111816","4.48999977111816","0.0","1.5900000333786002","0.8600000143051151","2.03999996185303","0.0","24.0","14.0","185.0","1217.0","1876.0"
"4558609924","4/6/2016","5668.0","3.75","3.75","0.0","0.0","0.0","3.75","0.0","0.0","0.0","259.0","1181.0","1853.0"
"4558609924","4/7/2016","7998.0","5.28999996185303","5.28999996185303","0.0","0.509999990463257","0.25","4.53000020980835","0.0","27.0","12.0","296.0","1105.0","2235.0"
"4558609924","4/8/2016","4195.0","2.7699999809265097","2.7699999809265097","0.0","0.0","0.0","2.7699999809265097","0.0","0.0","0.0","241.0","1199.0","1778.0"
"4558609924","4/9/2016","5512.0","3.64000010490417","3.64000010490417","0.0","0.0","0.0","3.64000010490417","0.0","0.0","0.0","276.0","1164.0","1882.0"
"4558609924","4/10/2016","6263.0","4.1399998664856","4.1399998664856","0.0","0.0","0.0","4.13000011444092","0.0","0.0","0.0","290.0","1150.0","1906.0"
"4558609924","4/11/2016","8828.0","5.84000015258789","5.84000015258789","0.0","0.0","0.0","5.84000015258789","0.0","0.0","0.0","308.0","1132.0","2149.0"
"4558609924","4/12/2016","1260.0","0.8299999833106991","0.8299999833106991","0.0","0.0","0.0","0.819999992847443","0.0","0.0","0.0","76.0","555.0","722.0"
"4702921684","3/29/2016","6506.0","5.28000020980835","5.28000020980835","0.0","0.330000013113022","0.270000010728836","4.67000007629395","0.0","4.0","5.0","241.0","760.0","2886.0"
"4702921684","3/30/2016","7583.0","6.150000095367429","6.150000095367429","0.0","0.25","0.550000011920929","5.34999990463257","0.0","3.0","13.0","227.0","742.0","2915.0"
"4702921684","3/31/2016","6963.0","5.650000095367429","5.650000095367429","0.0","0.0","0.0","5.650000095367429","0.0","0.0","0.0","256.0","759.0","2895.0"
"4702921684","4/1/2016","7165.0","5.80999994277954","5.80999994277954","0.0","0.0","0.370000004768372","5.44000005722046","0.0","0.0","9.0","248.0","708.0","2923.0"
"4702921684","4/2/2016","10328.0","8.38000011444092","8.38000011444092","0.0","0.0","1.46000003814697","6.92000007629395","0.0","0.0","32.0","367.0","475.0","3323.0"
"4702921684","4/3/2016","12116.0","9.829999923706051","9.829999923706051","0.0","0.25","2.8499999046325697","6.71999979019165","0.0","3.0","57.0","323.0","471.0","3357.0"
"4702921684","4/4/2016","7810.0","6.360000133514402","6.360000133514402","0.0","0.479999989271164","1.20000004768372","4.67999982833862","0.0","6.0","27.0","216.0","746.0","2931.0"
"4702921684","4/5/2016","6670.0","5.40999984741211","5.40999984741211","0.0","1.24000000953674","0.8000000119209291","3.3699998855590803","0.0","15.0","16.0","199.0","770.0","2848.0"
"4702921684","4/6/2016","7605.0","6.17999982833862","6.17999982833862","0.0","0.330000013113022","0.209999993443489","5.630000114440921","0.0","4.0","4.0","248.0","708.0","2943.0"
"4702921684","4/7/2016","6585.0","5.34000015258789","5.34000015258789","0.0","0.0","0.0","5.34000015258789","0.0","0.0","0.0","210.0","770.0","2822.0"
"4702921684","4/8/2016","8184.0","6.639999866485598","6.639999866485598","0.0","0.0","0.6200000047683721","5.949999809265139","0.0","0.0","15.0","247.0","808.0","2981.0"
"4702921684","4/9/2016","14002.0","11.359999656677198","11.359999656677198","0.0","0.610000014305115","2.6800000667572","8.060000419616701","0.0","8.0","56.0","381.0","407.0","3597.0"
"4702921684","4/10/2016","11135.0","9.02999973297119","9.02999973297119","0.0","0.0799999982118607","1.1599999666214","7.78999996185303","0.0","1.0","25.0","331.0","528.0","3224.0"
"4702921684","4/11/2016","6499.0","5.269999980926509","5.269999980926509","0.0","0.0","0.0","5.269999980926509","0.0","0.0","0.0","207.0","809.0","2677.0"
"4702921684","4/12/2016","0.0","0.0","0.0","0.0","0.0","0.0","0.0","0.0","0.0","0.0","0.0","1440.0","0.0"
"5553957443","4/1/2016","12409.0","8.10000038146973","8.10000038146973","0.0","2.9000000953674303","0.6299999952316279","4.57999992370605","0.0","51.0","12.0","235.0","782.0","2142.0"
"5553957443","4/2/2016","2937.0","1.91999995708466","1.91999995708466","0.0","0.0","0.0","1.9099999666214","0.0","0.0","0.0","181.0","356.0","1615.0"
"5553957443","4/3/2016","1515.0","0.9900000095367428","0.9900000095367428","0.0","0.0","0.0","0.9900000095367428","0.0","0.0","0.0","93.0","507.0","1481.0"
"5553957443","4/4/2016","8921.0","5.880000114440921","5.880000114440921","0.0","2.0699999332428","0.439999997615814","3.35999989509583","0.0","27.0","8.0","198.0","754.0","1892.0"
"5553957443","4/5/2016","11306.0","7.380000114440921","7.380000114440921","0.0","2.30999994277954","0.980000019073486","4.09000015258789","0.0","40.0","26.0","218.0","772.0","2086.0"
"5553957443","4/6/2016","12252.0","8.0","8.0","0.0","2.41000008583069","1.70000004768372","3.89000010490417","0.0","33.0","28.0","229.0","745.0","2044.0"
"5553957443","4/7/2016","15444.0","10.0799999237061","10.0799999237061","0.0","3.2699999809265097","1.73000001907349","5.07999992370605","0.0","51.0","39.0","243.0","731.0","2249.0"
"5553957443","4/8/2016","9938.0","6.4899997711181605","6.4899997711181605","0.0","2.14000010490417","1.27999997138977","3.07999992370605","0.0","38.0","24.0","193.0","767.0","2019.0"
"5553957443","4/9/2016","4599.0","3.0","3.0","0.0","0.0","0.0","3.0","0.0","0.0","0.0","176.0","578.0","1692.0"
"5553957443","4/10/2016","5594.0","3.6500000953674303","3.6500000953674303","0.0","0.280000001192093","1.48000001907349","1.88999998569489","0.0","4.0","25.0","150.0","552.0","1712.0"
"5553957443","4/11/2016","11906.0","7.76999998092651","7.76999998092651","0.0","2.25999999046326","1.51999998092651","3.99000000953674","0.0","32.0","27.0","234.0","688.0","2065.0"
"5553957443","4/12/2016","3436.0","2.24000000953674","2.24000000953674","0.0","0.5","0.6700000166893011","1.04999995231628","0.0","7.0","11.0","50.0","61.0","633.0"
"5577150313","4/1/2016","10461.0","7.869999885559079","7.869999885559079","0.0","4.76000022888184","0.8500000238418579","2.25","0.0","99.0","31.0","142.0","721.0","3625.0"
"5577150313","4/2/2016","14873.0","11.109999656677198","11.109999656677198","0.0","8.189999580383299","0.6000000238418579","2.30999994277954","0.0","202.0","36.0","153.0","663.0","4430.0"
"5577150313","4/3/2016","9917.0","7.40999984741211","7.40999984741211","0.0","1.99000000953674","0.970000028610229","4.44000005722046","0.0","58.0","27.0","240.0","700.0","3427.0"
"5577150313","4/4/2016","7401.0","5.55999994277954","5.55999994277954","0.0","2.3199999332428","0.36000001430511497","2.88000011444092","0.0","70.0","19.0","204.0","689.0","3492.0"
"5577150313","4/5/2016","8964.0","6.699999809265139","6.699999809265139","0.0","3.97000002861023","0.189999997615814","2.52999997138977","0.0","107.0","18.0","145.0","756.0","3597.0"
"5577150313","4/6/2016","11080.0","8.300000190734862","8.300000190734862","0.0","3.13000011444092","1.37000000476837","3.80999994277954","0.0","83.0","52.0","190.0","695.0","3765.0"
"5577150313","4/7/2016","4499.0","3.35999989509583","3.35999989509583","0.0","0.8899999856948849","0.259999990463257","2.2100000381469704","0.0","31.0","11.0","146.0","756.0","2775.0"
"5577150313","4/8/2016","4363.0","3.25999999046326","3.25999999046326","0.0","0.129999995231628","0.0599999986588955","3.07999992370605","0.0","8.0","2.0","156.0","813.0","2486.0"
"5577150313","4/9/2016","10494.0","7.84000015258789","7.84000015258789","0.0","4.90999984741211","0.779999971389771","2.15000009536743","0.0","123.0","62.0","138.0","601.0","3817.0"
"5577150313","4/10/2016","9776.0","7.380000114440921","7.380000114440921","0.0","2.9300000667572004","1.42999994754791","3.0199999809265097","0.0","80.0","35.0","162.0","721.0","3378.0"
"5577150313","4/11/2016","2862.0","2.14000010490417","2.14000010490417","0.0","1.03999996185303","0.25","0.839999973773956","0.0","39.0","17.0","54.0","209.0","1511.0"
"6117666160","4/1/2016","7444.0","5.619999885559079","5.619999885559079","0.0","0.0","0.0","5.619999885559079","0.0","0.0","0.0","286.0","568.0","2210.0"
"6117666160","4/2/2016","19658.0","14.8400001525879","14.8400001525879","0.0","0.239999994635582","2.08999991416931","12.5100002288818","0.0","3.0","30.0","475.0","466.0","2884.0"
"6117666160","4/3/2016","0.0","0.0","0.0","0.0","0.0","0.0","0.0","0.0","0.0","0.0","0.0","1440.0","1496.0"
"6117666160","4/4/2016","8468.0","6.389999866485598","6.389999866485598","0.0","0.180000007152557","0.639999985694885","5.57000017166138","0.0","2.0","11.0","279.0","1148.0","2262.0"
"6117666160","4/5/2016","9910.0","7.48000001907349","7.48000001907349","0.0","0.0","0.0","7.48000001907349","0.0","0.0","0.0","384.0","990.0","2445.0"
"6117666160","4/6/2016","12409.0","9.36999988555908","9.36999988555908","0.0","0.0","0.0","9.36999988555908","0.0","0.0","0.0","491.0","388.0","2694.0"
"6117666160","4/7/2016","4853.0","3.66000008583069","3.66000008583069","0.0","0.0","0.0","3.66000008583069","0.0","0.0","0.0","156.0","770.0","1903.0"
"6117666160","4/8/2016","8955.0","6.76000022888184","6.76000022888184","0.0","0.0","0.0","6.73000001907349","0.0","0.0","0.0","422.0","1018.0","2482.0"
"6117666160","4/9/2016","10789.0","8.14999961853027","8.14999961853027","0.0","0.0","0.0","8.14999961853027","0.0","0.0","0.0","506.0","413.0","2617.0"
"6117666160","4/10/2016","0.0","0.0","0.0","0.0","0.0","0.0","0.0","0.0","0.0","0.0","0.0","1440.0","0.0"
"6290855005","4/1/2016","6633.0","5.01000022888184","5.01000022888184","0.0","0.0","0.0","5.01000022888184","0.0","0.0","0.0","280.0","1160.0","2778.0"
"6290855005","4/2/2016","9548.0","7.21999979019165","7.21999979019165","0.0","2.01999998092651","3.6800000667572","1.51999998092651","0.0","25.0","107.0","113.0","1195.0","3119.0"
"6290855005","4/3/2016","0.0","0.0","0.0","0.0","0.0","0.0","0.0","0.0","33.0","0.0","0.0","1407.0","2664.0"
"6290855005","4/4/2016","0.0","0.0","0.0","0.0","0.0","0.0","0.0","0.0","0.0","0.0","0.0","1440.0","2060.0"
"6290855005","4/5/2016","0.0","0.0","0.0","0.0","0.0","0.0","0.0","0.0","0.0","0.0","0.0","1440.0","2060.0"
"6290855005","4/6/2016","0.0","0.0","0.0","0.0","0.0","0.0","0.0","0.0","0.0","0.0","0.0","1440.0","2060.0"
"6290855005","4/7/2016","0.0","0.0","0.0","0.0","0.0","0.0","0.0","0.0","0.0","0.0","0.0","1440.0","2060.0"
"6290855005","4/8/2016","0.0","0.0","0.0","0.0","0.0","0.0","0.0","0.0","0.0","0.0","0.0","1440.0","2060.0"
"6290855005","4/9/2016","0.0","0.0","0.0","0.0","0.0","0.0","0.0","0.0","0.0","0.0","0.0","1440.0","2060.0"
"6290855005","4/10/2016","0.0","0.0","0.0","0.0","0.0","0.0","0.0","0.0","20.0","0.0","0.0","494.0","735.0"
"6391747486","4/1/2016","0.0","0.0","0.0","0.0","0.0","0.0","0.0","0.0","0.0","0.0","0.0","1440.0","1820.0"
"6391747486","4/2/2016","2101.0","2.02999997138977","0.0","2.02777290344238","2.02999997138977","0.0","0.0","0.0","46.0","0.0","0.0","1394.0","2224.0"
"6391747486","4/3/2016","0.0","0.0","0.0","0.0","0.0","0.0","0.0","0.0","0.0","0.0","0.0","1440.0","1820.0"
"6391747486","4/4/2016","0.0","0.0","0.0","0.0","0.0","0.0","0.0","0.0","0.0","0.0","0.0","1440.0","1820.0"
"6391747486","4/5/2016","9766.0","7.510000228881839","0.779999971389771","6.727056980133059","0.0","0.0500000007450581","7.46000003814697","0.0","0.0","6.0","301.0","1133.0","2442.0"
"6391747486","4/6/2016","165.0","0.129999995231628","0.129999995231628","0.0","0.0","0.0","0.129999995231628","0.0","0.0","0.0","8.0","1432.0","1849.0"
"6391747486","4/7/2016","0.0","0.0","0.0","0.0","0.0","0.0","0.0","0.0","0.0","0.0","0.0","1440.0","1822.0"
"6391747486","4/8/2016","0.0","0.0","0.0","0.0","0.0","0.0","0.0","0.0","0.0","0.0","0.0","1440.0","1820.0"
"6391747486","4/9/2016","0.0","0.0","0.0","0.0","0.0","0.0","0.0","0.0","0.0","0.0","0.0","198.0","251.0"
"6775888955","4/1/2016","7225.0","5.17999982833862","5.17999982833862","0.0","1.73000001907349","1.26999998092651","2.1800000667572","0.0","25.0","50.0","163.0","1189.0","3065.0"
"6775888955","4/2/2016","1988.0","1.42999994754791","1.42999994754791","0.0","0.0","0.0","1.42999994754791","0.0","0.0","0.0","79.0","909.0","2207.0"
"6775888955","4/3/2016","1577.0","1.12999999523163","1.12999999523163","0.0","0.0700000002980232","0.8899999856948849","0.170000001788139","0.0","1.0","17.0","8.0","1414.0","1977.0"
"6775888955","4/4/2016","0.0","0.0","0.0","0.0","0.0","0.0","0.0","0.0","0.0","0.0","0.0","1440.0","1841.0"
"6775888955","4/5/2016","9348.0","6.699999809265139","6.699999809265139","0.0","1.12999999523163","2.03999996185303","3.14000010490417","0.0","56.0","133.0","240.0","1011.0","4286.0"
"6775888955","4/6/2016","11761.0","8.43000030517578","8.43000030517578","0.0","1.30999994277954","2.44000005722046","4.67999982833862","0.0","24.0","99.0","300.0","550.0","3920.0"
"6775888955","4/7/2016","13987.0","10.0299997329712","10.0299997329712","0.0","2.8699998855590803","3.33999991416931","3.8199999332428","0.0","46.0","114.0","250.0","739.0","3856.0"
"6775888955","4/8/2016","4131.0","2.9600000381469704","2.9600000381469704","0.0","1.37000000476837","0.610000014305115","0.980000019073486","0.0","27.0","30.0","75.0","1308.0","2584.0"
"6775888955","4/9/2016","14.0","0.00999999977648258","0.00999999977648258","0.0","0.0","0.0","0.00999999977648258","0.0","0.0","0.0","1.0","601.0","787.0"
"6962181067","3/30/2016","15491.0","10.239999771118198","10.239999771118198","0.0","1.28999996185303","4.48999977111816","4.46000003814697","0.0","18.0","77.0","272.0","641.0","2244.0"
"6962181067","3/31/2016","14097.0","9.31999969482422","9.31999969482422","0.0","3.5","1.91999995708466","3.9000000953674303","0.0","50.0","32.0","234.0","595.0","2188.0"
"6962181067","4/1/2016","10467.0","6.98000001907349","6.98000001907349","0.0","0.699999988079071","2.4300000667572","3.8499999046325697","0.0","9.0","45.0","252.0","602.0","2014.0"
"6962181067","4/2/2016","12437.0","8.300000190734862","8.300000190734862","0.0","3.75999999046326","1.28999996185303","3.24000000953674","0.0","50.0","24.0","219.0","732.0","2115.0"
"6962181067","4/3/2016","12307.0","8.14000034332275","8.14000034332275","0.0","1.00999999046326","3.25999999046326","3.86999988555908","0.0","14.0","51.0","218.0","589.0","2055.0"
"6962181067","4/4/2016","18952.0","12.8000001907349","12.8000001907349","0.0","5.90999984741211","1.23000001907349","5.65999984741211","0.0","73.0","20.0","327.0","570.0","2437.0"
"6962181067","4/5/2016","12010.0","7.94000005722046","7.94000005722046","0.0","2.38000011444092","0.9499999880790708","4.6100001335144","0.0","38.0","17.0","287.0","692.0","2158.0"
"6962181067","4/6/2016","12480.0","8.85999965667725","8.25","3.97279500961304","4.17999982833862","0.6899999976158139","4.0","0.0","55.0","14.0","276.0","593.0","2170.0"
"6962181067","4/7/2016","13417.0","9.64999961853027","8.86999988555908","1.92630195617676","3.39000010490417","1.25","4.90999984741211","0.100000001490116","45.0","16.0","284.0","665.0","2244.0"
"6962181067","4/8/2016","14400.0","10.880000114440902","9.52000045776367","5.45686388015747","2.47000002861023","2.88000011444092","5.53000020980835","0.0","27.0","37.0","276.0","697.0","2188.0"
"6962181067","4/9/2016","12495.0","8.26000022888184","8.26000022888184","0.0","2.2100000381469704","1.0900000333786","4.96000003814697","0.0","33.0","19.0","324.0","609.0","2231.0"
"6962181067","4/10/2016","10148.0","6.71000003814697","6.71000003814697","0.0","1.36000001430511","0.219999998807907","5.13000011444092","0.0","19.0","7.0","306.0","679.0","2100.0"
"6962181067","4/11/2016","12362.0","9.09000015258789","8.17000007629395","2.69645500183105","1.0900000333786","2.7300000190734903","5.269999980926509","0.0","21.0","38.0","297.0","678.0","2188.0"
"6962181067","4/12/2016","5893.0","3.9000000953674303","3.9000000953674303","0.0","2.88000011444092","0.560000002384186","0.4600000083446501","0.0","43.0","9.0","48.0","146.0","917.0"
"7007744171","4/1/2016","11680.0","9.0600004196167","7.80999994277954","4.901282787323","4.48999977111816","0.330000013113022","4.23999977111816","0.0","50.0","7.0","244.0","1139.0","2573.0"
"7007744171","4/2/2016","10976.0","7.34000015258789","7.34000015258789","0.0","0.550000011920929","0.6700000166893011","6.130000114440921","0.0","9.0","16.0","271.0","1075.0","2575.0"
"7007744171","4/3/2016","16806.0","11.2399997711182","11.2399997711182","0.0","6.40999984741211","1.37000000476837","3.47000002861023","0.0","104.0","31.0","230.0","1002.0","3086.0"
"7007744171","4/4/2016","15266.0","11.3999996185303","10.210000038147","5.189849853515629","5.800000190734861","0.7599999904632572","4.78999996185303","0.0500000007450581","70.0","21.0","292.0","1057.0","2886.0"
"7007744171","4/5/2016","12084.0","9.14000034332275","8.07999992370605","4.83638000488281","4.3899998664856","0.4600000083446501","4.28999996185303","0.0","50.0","6.0","284.0","1030.0","2676.0"
"7007744171","4/6/2016","13513.0","10.25","9.06999969482422","4.83572006225586","5.34999990463257","0.330000013113022","4.55999994277954","0.0","64.0","8.0","270.0","1098.0","2811.0"
"7007744171","4/7/2016","14100.0","10.5799999237061","9.43000030517578","4.87598991394043","5.09999990463257","1.19000005722046","4.280000209808351","0.0","61.0","33.0","265.0","1015.0","2840.0"
"7007744171","4/8/2016","12627.0","9.64999961853027","8.449999809265138","4.84231996536255","4.6999998092651385","0.7400000095367428","4.21000003814697","0.0","54.0","22.0","301.0","1063.0","2871.0"
"7007744171","4/9/2016","10345.0","6.92000007629395","6.92000007629395","0.0","0.0700000002980232","0.270000010728836","6.57999992370605","0.0","2.0","6.0","358.0","1074.0","2613.0"
"7007744171","4/10/2016","10146.0","6.78999996185303","6.78999996185303","0.0","0.0700000002980232","0.610000014305115","6.110000133514402","0.0","1.0","12.0","397.0","1030.0","2700.0"
"7007744171","4/11/2016","12168.0","8.14000034332275","8.14000034332275","0.0","1.04999995231628","0.790000021457672","6.28999996185303","0.0","18.0","27.0","375.0","1020.0","2871.0"
"7007744171","4/12/2016","7413.0","5.76999998092651","4.96000003814697","4.8697829246521","4.5","0.34000000357627896","0.939999997615814","0.0","53.0","6.0","43.0","405.0","1023.0"
"7086361926","4/1/2016","11463.0","7.67000007629395","7.67000007629395","0.0","2.82999992370605","1.88999998569489","2.9300000667572004","0.0","38.0","30.0","154.0","777.0","2496.0"
"7086361926","4/2/2016","87.0","0.0199999995529652","0.0199999995529652","0.0","0.0","0.0","0.00999999977648258","0.0","0.0","0.0","2.0","872.0","1641.0"
"7086361926","4/3/2016","1949.0","1.30999994277954","1.30999994277954","0.0","0.23000000417232505","0.349999994039536","0.730000019073486","0.0","3.0","6.0","27.0","1404.0","1794.0"
"7086361926","4/4/2016","6101.0","3.86999988555908","3.86999988555908","0.0","0.5299999713897711","0.23000000417232505","3.0999999046325697","0.0","31.0","24.0","138.0","1247.0","2421.0"
"7086361926","4/5/2016","7478.0","4.98999977111816","4.98999977111816","0.0","1.79999995231628","0.5299999713897711","2.60999989509583","0.0299999993294477","25.0","33.0","132.0","1159.0","2439.0"
"7086361926","4/6/2016","7352.0","4.730000019073491","4.730000019073491","0.0","1.4099999666213998","0.779999971389771","2.52999997138977","0.0","19.0","14.0","124.0","814.0","2233.0"
"7086361926","4/7/2016","14604.0","10.8199996948242","10.8199996948242","0.0","7.23000001907349","1.12000000476837","2.4300000667572","0.0299999993294477","76.0","30.0","127.0","695.0","2862.0"
"7086361926","4/8/2016","9634.0","6.51999998092651","6.51999998092651","0.0","2.5","1.39999997615814","2.58999991416931","0.0","50.0","48.0","140.0","797.0","2752.0"
"7086361926","4/9/2016","7338.0","4.67000007629395","4.67000007629395","0.0","1.08000004291534","0.129999995231628","3.4600000381469704","0.0","27.0","5.0","204.0","717.0","2519.0"
"7086361926","4/10/2016","569.0","0.349999994039536","0.349999994039536","0.0","0.0","0.0","0.34000000357627896","0.0","0.0","0.0","27.0","1368.0","1799.0"
"7086361926","4/11/2016","6242.0","3.92000007629395","3.92000007629395","0.0","0.7400000095367428","0.23000000417232505","2.9300000667572004","0.0","46.0","22.0","126.0","741.0","2543.0"
"7086361926","4/12/2016","430.0","0.259999990463257","0.259999990463257","0.0","0.0","0.0","0.259999990463257","0.0","0.0","0.0","14.0","75.0","625.0"
"8053475328","4/2/2016","20188.0","15.619999885559098","15.619999885559098","0.0","12.0600004196167","0.8500000238418579","2.7100000381469704","0.0","124.0","19.0","172.0","1125.0","3377.0"
"8053475328","4/3/2016","25701.0","20.1399993896484","20.1399993896484","0.0","16.8199996948242","1.62999999523163","1.69000005722046","0.0","165.0","36.0","97.0","1142.0","3697.0"
"8053475328","4/4/2016","17395.0","13.210000038147","13.210000038147","0.0","9.670000076293949","0.180000007152557","3.3499999046325697","0.0","100.0","4.0","213.0","1123.0","3209.0"
"8053475328","4/5/2016","17167.0","13.4099998474121","13.4099998474121","0.0","9.96000003814697","0.3100000023841861","3.14000010490417","0.0","98.0","8.0","184.0","1150.0","3167.0"
"8053475328","4/6/2016","16435.0","12.4200000762939","12.4200000762939","0.0","8.96000003814697","0.550000011920929","2.91000008583069","0.0","100.0","14.0","191.0","1135.0","3122.0"
"8053475328","4/7/2016","17078.0","13.1999998092651","13.1999998092651","0.0","9.97000026702881","0.239999994635582","2.99000000953674","0.0","101.0","6.0","190.0","1143.0","3176.0"
"8053475328","4/8/2016","11693.0","9.53999996185303","9.53999996185303","0.0","6.76999998092651","0.259999990463257","2.5","0.0","60.0","6.0","153.0","1221.0","2790.0"
"8053475328","4/9/2016","11159.0","9.14000034332275","9.14000034332275","0.0","6.69000005722046","0.25","2.19000005722046","0.0","59.0","6.0","120.0","1255.0","2715.0"
"8053475328","4/10/2016","10118.0","7.73000001907349","7.73000001907349","0.0","3.04999995231628","0.8000000119209291","3.88000011444092","0.0","30.0","18.0","207.0","1185.0","2684.0"
"8053475328","4/11/2016","16064.0","12.7200002670288","12.7200002670288","0.0","9.97999954223633","0.36000001430511497","2.38000011444092","0.0","96.0","8.0","155.0","1181.0","3097.0"
"8053475328","4/12/2016","290.0","0.209999993443489","0.209999993443489","0.0","0.0","0.0","0.209999993443489","0.0","0.0","0.0","16.0","599.0","791.0"
"8253242879","4/1/2016","0.0","0.0","0.0","0.0","0.0","0.0","0.0","0.0","0.0","0.0","0.0","1440.0","1429.0"
"8253242879","4/2/2016","0.0","0.0","0.0","0.0","0.0","0.0","0.0","0.0","0.0","0.0","0.0","1440.0","1429.0"
"8253242879","4/3/2016","0.0","0.0","0.0","0.0","0.0","0.0","0.0","0.0","0.0","0.0","0.0","1440.0","1429.0"
"8253242879","4/4/2016","0.0","0.0","0.0","0.0","0.0","0.0","0.0","0.0","0.0","0.0","0.0","1440.0","1429.0"
"8253242879","4/5/2016","0.0","0.0","0.0","0.0","0.0","0.0","0.0","0.0","0.0","0.0","0.0","1440.0","1429.0"
"8253242879","4/6/2016","1931.0","1.27999997138977","1.27999997138977","0.0","0.0","0.0","1.27999997138977","0.0","0.0","0.0","94.0","1346.0","1607.0"
"8253242879","4/7/2016","5181.0","3.42000007629395","3.42000007629395","0.0","1.0","0.910000026226044","1.5099999904632602","0.00999999977648258","15.0","15.0","107.0","1303.0","1776.0"
"8253242879","4/8/2016","12026.0","9.14999961853027","9.14999961853027","0.0","5.699999809265139","0.930000007152557","2.50999999046326","0.0","47.0","13.0","150.0","1230.0","2162.0"
"8253242879","4/9/2016","5360.0","3.5399999618530296","3.5399999618530296","0.0","0.540000021457672","1.54999995231628","1.46000003814697","0.0","8.0","28.0","148.0","1256.0","1832.0"
"8253242879","4/10/2016","2545.0","1.67999994754791","1.67999994754791","0.0","0.0","0.0","1.66999995708466","0.0199999995529652","0.0","0.0","126.0","1314.0","1657.0"
"8253242879","4/11/2016","1636.0","1.08000004291534","1.08000004291534","0.0","0.0","0.0","1.08000004291534","0.0","0.0","0.0","86.0","1139.0","1377.0"
"8253242879","4/12/2016","0.0","0.0","0.0","0.0","0.0","0.0","0.0","0.0","0.0","0.0","0.0","1440.0","0.0"
"8378563200","4/1/2016","14179.0","11.2399997711182","11.2399997711182","0.0","6.23000001907349","1.05999994277954","3.9600000381469695","0.0","73.0","21.0","195.0","719.0","3669.0"
"8378563200","4/2/2016","3358.0","2.66000008583069","2.66000008583069","0.0","0.0","0.0","2.66000008583069","0.0","0.0","0.0","144.0","657.0","2702.0"
"8378563200","4/3/2016","9152.0","7.260000228881839","7.260000228881839","0.0","1.99000000953674","0.819999992847443","4.4499998092651385","0.0","25.0","13.0","243.0","600.0","3304.0"
"8378563200","4/4/2016","13935.0","11.0500001907349","11.0500001907349","2.0921471118927","4.09000015258789","0.790000021457672","6.17000007629395","0.0","105.0","16.0","220.0","658.0","4234.0"
"8378563200","4/5/2016","12846.0","10.1899995803833","10.1899995803833","2.25308108329773","5.0","0.75","4.44000005722046","0.0","113.0","15.0","189.0","686.0","4128.0"
